id_ticket,fecha,canal,plan_cliente,antiguedad_meses,asunto,mensaje,categoria,prioridad,sentimiento,minutos_primera_respuesta,resuelto
TCK-0001,2026-07-25T00:33,email,free,44,Cobro duplicado en la factura de septiembre,"Buenas, revisando el extracto veo dos cargos de 29 € el mismo día de septiembre. Solo tengo una suscripción free. ¿Podéis devolver el duplicado? Quedo atento, un saludo.",facturacion,baja,neutro,2488,True
TCK-0002,2026-02-20T15:47,formulario,free,25,Fallo al conectar con Salesforce,Al conectar Salesforce el asistente se queda en el paso de autorización y acaba en un error genérico sin detalle.,integraciones,media,negativo,105,True
TCK-0003,2026-01-06T07:12,email,free,17,Petición: modo oscuro,Mucha gente del equipo trabaja de noche y agradeceríamos un modo oscuro en la interfaz. Gracias de antemano.,solicitud_funcionalidad,baja,positivo,1270,True
TCK-0004,2026-06-01T00:55,telefono,pro,2,Rate limit inesperado en la API,"Estamos recibiendo 429 con muy pocas peticiones por minuto, muy por debajo del límite que anuncia nuestro plan pro.",integraciones,baja,negativo,2604,True
TCK-0005,2026-03-20T08:43,email,business,16,El webhook deja de disparar eventos,"Nuestro webhook a delta-labs.example dejó de recibir eventos hace 24 horas. No hemos cambiado nada del lado nuestro. Quedo atento, un saludo.",integraciones,media,neutro,309,True
TCK-0006,2026-01-15T22:37,formulario,free,27,Se pierden los cambios al recargar,"Edito un informe, guardo, y al recargar la página los cambios han desaparecido. Me ha pasado 12 veces esta semana. Es urgente, por favor. Llevamos todo el día parados.",bug_producto,alta,negativo,16,False
TCK-0007,2026-03-24T17:54,formulario,business,54,Timeouts constantes en el panel,El panel tarda muchísimo en cargar y a menudo acaba en timeout. Ocurre sobre todo a primera hora de la mañana. Gracias de antemano.,rendimiento,alta,neutro,5,False
TCK-0008,2026-03-31T23:18,email,pro,30,Se pierden los cambios al recargar,"Edito un informe, guardo, y al recargar la página los cambios han desaparecido. Me ha pasado 3 veces esta semana.",bug_producto,alta,negativo,12,True
TCK-0009,2026-04-17T08:23,chat,business,11,Los gráficos no cargan en el panel,El panel principal se queda en blanco y la consola del navegador muestra un error de JavaScript. Afecta a 5 usuarios de mi equipo. Sin prisa.,bug_producto,alta,negativo,25,False
TCK-0010,2026-05-07T23:51,email,business,10,Necesito la factura con el CIF de mi empresa,Necesito rehacer la factura de octubre con los datos fiscales correctos: el CIF que aparece no es el nuestro y así no la puedo deducir.,facturacion,media,positivo,155,True
TCK-0011,2026-05-26T06:39,chat,pro,2,No puedo entrar en mi cuenta,Desde ayer no consigo iniciar sesión con pablo@orbita.example. Me dice credenciales incorrectas y el enlace de recuperación no llega ni a la bandeja de spam.,acceso_cuenta,media,neutro,446,False
TCK-0012,2026-04-02T20:06,chat,free,18,La exportación a CSV sale vacía,"La exportación a CSV descarga un fichero de 0 bytes desde la actualización de diciembre. Antes funcionaba correctamente. Quedo atento, un saludo.",bug_producto,alta,negativo,24,True
TCK-0013,2026-01-16T08:44,chat,pro,47,Sincronización con Google Sheets parada,La sincronización con Google Sheets lleva 24 horas sin actualizar. La hoja destino sigue con los datos de antes.,integraciones,alta,negativo,43,True
TCK-0014,2026-01-21T17:24,email,free,55,Nos vendría bien una API de borrado masivo,Para cumplir con nuestra política de retención de datos necesitaríamos una llamada de borrado masivo por API. Tenemos una auditoría en curso y esto es crítico.,solicitud_funcionalidad,baja,neutro,1451,True
TCK-0015,2026-04-14T17:51,formulario,free,6,La app móvil se cierra al abrir un proyecto,La aplicación móvil se cierra sola al abrir cualquier proyecto. La he reinstalado y sigue igual. Sin prisa.,bug_producto,alta,negativo,43,True
TCK-0016,2026-01-20T19:38,formulario,pro,39,Error 500 al guardar un informe,"Al pulsar Guardar en un informe me devuelve un error 500. Pasa siempre, en Chrome y en Firefox. El identificador de la petición es req_934294096.",bug_producto,alta,negativo,54,False
TCK-0017,2026-02-14T19:44,email,pro,30,La app móvil se cierra al abrir un proyecto,La aplicación móvil se cierra sola al abrir cualquier proyecto. La he reinstalado y sigue igual. Tenemos una auditoría en curso y esto es crítico.,bug_producto,alta,negativo,71,True
TCK-0018,2026-01-17T13:47,email,pro,19,Sugerencia: alertas por Slack,"Sería genial recibir las alertas en Slack además de por correo. ¿Está en la hoja de ruta? Quedo atento, un saludo.",solicitud_funcionalidad,media,neutro,315,True
TCK-0019,2026-07-26T10:47,formulario,free,55,La app móvil se cierra al abrir un proyecto,La aplicación móvil se cierra sola al abrir cualquier proyecto. La he reinstalado y sigue igual.,bug_producto,media,neutro,344,True
TCK-0020,2026-03-23T14:26,email,business,36,No puedo entrar en mi cuenta,"Desde ayer no consigo iniciar sesión con sofia@nimbus.example. Me dice credenciales incorrectas y el enlace de recuperación no llega ni a la bandeja de spam. Quedo atento, un saludo.",acceso_cuenta,media,neutro,467,False
TCK-0021,2026-04-20T01:02,chat,free,55,Las consultas tardan más de un minuto,"Las consultas que antes iban en segundos ahora superan el minuto de forma sistemática, sobre todo sobre rangos de fechas amplios. Quedo atento, un saludo.",rendimiento,media,positivo,243,True
TCK-0022,2026-07-26T20:21,chat,business,23,Falta filtrar por etiquetas,Echamos de menos poder filtrar el listado por etiquetas; ahora hay que buscar a mano entre cientos de elementos. Gracias de antemano.,solicitud_funcionalidad,baja,neutro,161,False
TCK-0023,2026-03-18T11:55,formulario,pro,43,La API devuelve 401 con una clave válida,La API nos devuelve 401 con una clave que generamos ayer y que sigue apareciendo como activa en el panel. Si no se resuelve hoy tendremos que valorar cancelar el contrato.,integraciones,alta,negativo,26,True
TCK-0024,2026-07-10T00:08,chat,pro,27,Timeouts constantes en el panel,El panel tarda muchísimo en cargar y a menudo acaba en timeout. Ocurre sobre todo a primera hora de la mañana. Sin prisa.,rendimiento,alta,neutro,62,True
TCK-0025,2026-04-25T21:50,email,pro,24,Los gráficos no cargan en el panel,El panel principal se queda en blanco y la consola del navegador muestra un error de JavaScript. Afecta a 12 usuarios de mi equipo. Gracias de antemano.,bug_producto,critica,negativo,13,True
TCK-0026,2026-05-09T14:05,chat,free,44,¿Podéis añadir exportación a PDF?,"No es urgente, pero nos ahorraría mucho tiempo poder exportar los informes directamente a PDF sin pasar por el navegador. Es urgente, por favor. Llevamos todo el día parados.",solicitud_funcionalidad,baja,negativo,2318,True
TCK-0027,2026-01-05T20:29,email,business,52,No me llega la factura de julio,"Hola, no he recibido la factura de julio y contabilidad me la está pidiendo para cerrar el trimestre. Mi cuenta es nuria@acme.example.",facturacion,media,negativo,53,True
TCK-0028,2026-01-31T06:54,formulario,enterprise,47,Sugerencia: alertas por Slack,"Sería genial recibir las alertas en Slack además de por correo. ¿Está en la hoja de ruta? Quedo atento, un saludo.",solicitud_funcionalidad,alta,neutro,43,True
TCK-0029,2026-05-04T16:44,telefono,free,54,Necesitamos firmar un DPA,Necesitamos firmar un acuerdo de tratamiento de datos antes de renovar el contrato del plan free. ¿A quién se lo pedimos? Sin prisa.,datos_privacidad,media,positivo,428,True
TCK-0030,2026-06-08T22:05,email,business,49,Rate limit inesperado en la API,"Estamos recibiendo 429 con muy pocas peticiones por minuto, muy por debajo del límite que anuncia nuestro plan business.",integraciones,alta,negativo,19,True
TCK-0031,2026-08-01T18:23,telefono,free,41,La exportación a CSV sale vacía,La exportación a CSV descarga un fichero de 0 bytes desde la actualización de mayo. Antes funcionaba correctamente. Tenemos una auditoría en curso y esto es crítico.,bug_producto,alta,negativo,15,True
TCK-0032,2026-07-02T22:09,email,pro,56,Los gráficos no cargan en el panel,"El panel principal se queda en blanco y la consola del navegador muestra un error de JavaScript. Afecta a 25 usuarios de mi equipo. Quedo atento, un saludo.",bug_producto,media,neutro,81,True
TCK-0033,2026-04-07T18:24,email,free,47,Petición: modo oscuro,"Mucha gente del equipo trabaja de noche y agradeceríamos un modo oscuro en la interfaz. Quedo atento, un saludo.",solicitud_funcionalidad,baja,positivo,2449,True
TCK-0034,2026-07-31T14:05,email,free,53,La app móvil se cierra al abrir un proyecto,La aplicación móvil se cierra sola al abrir cualquier proyecto. La he reinstalado y sigue igual.,bug_producto,media,neutro,367,True
TCK-0035,2026-05-24T22:57,chat,free,19,El webhook deja de disparar eventos,Nuestro webhook a orbita.example dejó de recibir eventos hace 5 horas. No hemos cambiado nada del lado nuestro.,integraciones,alta,neutro,69,True
TCK-0036,2026-02-08T09:12,email,pro,20,Los gráficos no cargan en el panel,El panel principal se queda en blanco y la consola del navegador muestra un error de JavaScript. Afecta a 40 usuarios de mi equipo.,bug_producto,critica,neutro,22,True
TCK-0037,2026-06-03T16:26,telefono,free,52,Necesito la factura con el CIF de mi empresa,Necesito rehacer la factura de agosto con los datos fiscales correctos: el CIF que aparece no es el nuestro y así no la puedo deducir. Sin prisa.,facturacion,baja,positivo,317,True
TCK-0038,2026-04-29T01:01,chat,pro,2,Perdí acceso al correo de recuperación,El correo de recuperación de mi cuenta es una dirección antigua a la que ya no tengo acceso. ¿Cómo puedo recuperar la cuenta sofia@acme.example?,acceso_cuenta,baja,negativo,328,True
TCK-0039,2026-04-15T17:39,chat,pro,27,Cobro duplicado en la factura de septiembre,"Buenas, revisando el extracto veo dos cargos de 9 € el mismo día de septiembre. Solo tengo una suscripción pro. ¿Podéis devolver el duplicado? Quedo atento, un saludo.",facturacion,media,neutro,441,False
TCK-0040,2026-02-08T22:24,email,free,37,Fallo al conectar con Salesforce,Al conectar Salesforce el asistente se queda en el paso de autorización y acaba en un error genérico sin detalle. Esto nos está bloqueando la operación y tenemos un cierre mañana.,integraciones,media,neutro,44,True
TCK-0041,2026-07-13T08:07,email,free,9,Perdí acceso al correo de recuperación,El correo de recuperación de mi cuenta es una dirección antigua a la que ya no tengo acceso. ¿Cómo puedo recuperar la cuenta sofia@orbita.example?,acceso_cuenta,baja,negativo,1030,True
TCK-0042,2026-02-23T07:50,chat,business,23,La exportación a CSV sale vacía,"La exportación a CSV descarga un fichero de 0 bytes desde la actualización de marzo. Antes funcionaba correctamente. Quedo atento, un saludo.",bug_producto,alta,neutro,51,True
TCK-0043,2026-01-12T08:24,formulario,free,3,¿Tenéis descuento para ONG?,"Somos una entidad sin ánimo de lucro, ¿tenéis algún tipo de descuento sobre el plan free?",otros,media,neutro,457,True
TCK-0044,2026-03-15T10:39,email,pro,33,Me han cobrado 29 € de más,"En la última renovación se me ha cobrado 29 € por encima de lo que figura en el plan pro. Adjunto el justificante del cargo. Quedo atento, un saludo.",facturacion,media,neutro,92,True
TCK-0045,2026-01-20T09:16,email,pro,32,Sincronización con Google Sheets parada,"La sincronización con Google Sheets lleva 5 horas sin actualizar. La hoja destino sigue con los datos de antes. Quedo atento, un saludo.",integraciones,alta,negativo,86,True
TCK-0046,2026-04-12T14:20,formulario,pro,33,¿Podéis añadir exportación a PDF?,"No es urgente, pero nos ahorraría mucho tiempo poder exportar los informes directamente a PDF sin pasar por el navegador. Sin prisa.",solicitud_funcionalidad,media,positivo,305,True
TCK-0047,2026-02-05T20:04,formulario,business,6,Los informes grandes no terminan nunca,Los informes grandes ya no terminan: se quedan cargando indefinidamente y hay que cancelarlos a mano.,rendimiento,media,negativo,220,True
TCK-0048,2026-07-09T12:43,email,business,23,Necesito revocar el acceso de un empleado,Han salido dos personas del equipo y necesito revocar sus accesos hoy mismo por política interna de seguridad. Si no se resuelve hoy tendremos que valorar cancelar el contrato.,acceso_cuenta,media,negativo,286,True
TCK-0049,2026-04-17T11:29,email,pro,31,El doble factor no me envía el código,El SMS del segundo factor no llega desde hace 24 horas. Tengo una demo con un cliente y no puedo entrar en la plataforma.,acceso_cuenta,alta,negativo,70,True
TCK-0050,2026-04-17T22:48,chat,pro,20,Se pierden los cambios al recargar,"Edito un informe, guardo, y al recargar la página los cambios han desaparecido. Me ha pasado 12 veces esta semana. Si no se resuelve hoy tendremos que valorar cancelar el contrato.",bug_producto,critica,negativo,8,True
TCK-0051,2026-03-05T09:16,email,pro,5,Necesito revocar el acceso de un empleado,Han salido dos personas del equipo y necesito revocar sus accesos hoy mismo por política interna de seguridad. Esto nos está bloqueando la operación y tenemos un cierre mañana.,acceso_cuenta,critica,neutro,20,True
TCK-0052,2026-06-20T09:11,telefono,free,44,Fallo al conectar con Salesforce,Al conectar Salesforce el asistente se queda en el paso de autorización y acaba en un error genérico sin detalle. Gracias de antemano.,integraciones,media,negativo,132,True
TCK-0053,2026-02-24T05:03,email,enterprise,16,Cobro duplicado en la factura de abril,"Buenas, revisando el extracto veo dos cargos de 19 € el mismo día de abril. Solo tengo una suscripción enterprise. ¿Podéis devolver el duplicado? Tenemos una auditoría en curso y esto es crítico.",facturacion,alta,negativo,6,True
TCK-0054,2026-03-08T19:46,email,pro,44,Error 500 al guardar un informe,"Al pulsar Guardar en un informe me devuelve un error 500. Pasa siempre, en Chrome y en Firefox. El identificador de la petición es req_110877478. Si no se resuelve hoy tendremos que valorar cancelar el contrato.",bug_producto,critica,neutro,17,True
TCK-0055,2026-06-26T16:19,formulario,free,16,Nos vendría bien una API de borrado masivo,Para cumplir con nuestra política de retención de datos necesitaríamos una llamada de borrado masivo por API.,solicitud_funcionalidad,baja,neutro,1227,True
TCK-0056,2026-02-19T14:34,formulario,business,48,La plataforma va extremadamente lenta,Desde hace 12 horas cualquier consulta tarda más de un minuto. Antes eran segundos. Somos 40 personas trabajando y está parado todo el equipo.,rendimiento,alta,negativo,52,True
TCK-0057,2026-07-14T11:11,email,free,31,El webhook deja de disparar eventos,"Nuestro webhook a delta-labs.example dejó de recibir eventos hace 48 horas. No hemos cambiado nada del lado nuestro. Es urgente, por favor. Llevamos todo el día parados.",integraciones,media,neutro,278,True
TCK-0058,2026-04-25T16:43,chat,pro,26,Necesitamos firmar un DPA,Necesitamos firmar un acuerdo de tratamiento de datos antes de renovar el contrato del plan pro. ¿A quién se lo pedimos?,datos_privacidad,media,neutro,171,True
TCK-0059,2026-02-13T23:08,telefono,enterprise,41,Los informes grandes no terminan nunca,Los informes grandes ya no terminan: se quedan cargando indefinidamente y hay que cancelarlos a mano.,rendimiento,critica,negativo,14,True
TCK-0060,2026-07-25T10:14,email,pro,3,Sugerencia: alertas por Slack,Sería genial recibir las alertas en Slack además de por correo. ¿Está en la hoja de ruta? Gracias de antemano.,solicitud_funcionalidad,alta,negativo,46,True
TCK-0061,2026-02-13T15:20,email,pro,57,La app móvil se cierra al abrir un proyecto,"La aplicación móvil se cierra sola al abrir cualquier proyecto. La he reinstalado y sigue igual. Quedo atento, un saludo.",bug_producto,media,neutro,319,False
TCK-0062,2026-04-26T15:33,email,business,48,Falta filtrar por etiquetas,"Echamos de menos poder filtrar el listado por etiquetas; ahora hay que buscar a mano entre cientos de elementos. Quedo atento, un saludo.",solicitud_funcionalidad,baja,neutro,2398,True
TCK-0063,2026-01-15T14:13,chat,free,36,Necesito revocar el acceso de un empleado,Han salido dos personas del equipo y necesito revocar sus accesos hoy mismo por política interna de seguridad. Sin prisa.,acceso_cuenta,baja,negativo,2814,True
TCK-0064,2026-03-08T02:36,chat,pro,14,Los gráficos no cargan en el panel,El panel principal se queda en blanco y la consola del navegador muestra un error de JavaScript. Afecta a 40 usuarios de mi equipo. Gracias de antemano.,bug_producto,media,neutro,453,True
TCK-0065,2026-02-25T23:34,email,pro,34,No me llega la factura de enero,"Hola, no he recibido la factura de enero y contabilidad me la está pidiendo para cerrar el trimestre. Mi cuenta es javier@nimbus.example. Quedo atento, un saludo.",facturacion,media,negativo,263,True
TCK-0066,2026-04-25T09:09,chat,free,21,Cobro duplicado en la factura de noviembre,"Buenas, revisando el extracto veo dos cargos de 29 € el mismo día de noviembre. Solo tengo una suscripción free. ¿Podéis devolver el duplicado?",facturacion,baja,neutro,1265,True
TCK-0067,2026-06-08T07:45,chat,enterprise,54,Me han cobrado 249 € de más,"En la última renovación se me ha cobrado 249 € por encima de lo que figura en el plan enterprise. Adjunto el justificante del cargo. Quedo atento, un saludo.",facturacion,critica,negativo,10,True
TCK-0068,2026-05-01T11:46,email,free,22,La exportación a CSV sale vacía,La exportación a CSV descarga un fichero de 0 bytes desde la actualización de mayo. Antes funcionaba correctamente.,bug_producto,alta,negativo,8,False
TCK-0069,2026-01-11T19:57,email,business,54,No me llega la factura de abril,"Hola, no he recibido la factura de abril y contabilidad me la está pidiendo para cerrar el trimestre. Mi cuenta es marta@acme.example.",facturacion,baja,neutro,1676,True
TCK-0070,2026-02-05T18:55,email,business,40,Rate limit inesperado en la API,"Estamos recibiendo 429 con muy pocas peticiones por minuto, muy por debajo del límite que anuncia nuestro plan business.",integraciones,alta,negativo,50,False
TCK-0071,2026-03-09T06:29,email,pro,58,Necesito revocar el acceso de un empleado,Han salido dos personas del equipo y necesito revocar sus accesos hoy mismo por política interna de seguridad. Sin prisa.,acceso_cuenta,alta,negativo,17,True
TCK-0072,2026-03-17T13:22,telefono,free,23,La exportación a CSV sale vacía,La exportación a CSV descarga un fichero de 0 bytes desde la actualización de abril. Antes funcionaba correctamente. Sin prisa.,bug_producto,alta,neutro,68,True
TCK-0073,2026-07-24T18:53,chat,free,8,Nos vendría bien una API de borrado masivo,Para cumplir con nuestra política de retención de datos necesitaríamos una llamada de borrado masivo por API. Tenemos una auditoría en curso y esto es crítico.,solicitud_funcionalidad,media,neutro,342,True
TCK-0074,2026-03-12T03:58,telefono,pro,1,Sincronización con Google Sheets parada,La sincronización con Google Sheets lleva 3 horas sin actualizar. La hoja destino sigue con los datos de antes.,integraciones,media,negativo,211,True
TCK-0075,2026-01-06T15:45,email,business,32,Usuario bloqueado tras varios intentos,Mi usuario se ha bloqueado tras varios intentos fallidos de inicio de sesión. ¿Podéis desbloquear nuria@delta-labs.example?,acceso_cuenta,alta,negativo,83,True
TCK-0076,2026-04-15T14:24,chat,free,46,Los gráficos no cargan en el panel,El panel principal se queda en blanco y la consola del navegador muestra un error de JavaScript. Afecta a 5 usuarios de mi equipo.,bug_producto,media,neutro,394,True
TCK-0077,2026-02-21T04:13,chat,pro,32,Necesito revocar el acceso de un empleado,"Han salido dos personas del equipo y necesito revocar sus accesos hoy mismo por política interna de seguridad. Quedo atento, un saludo.",acceso_cuenta,media,negativo,73,True
TCK-0078,2026-06-14T11:11,chat,business,52,Quiero cambiar la forma de pago,Quiero pasar de pago con tarjeta a domiciliación bancaria antes de la próxima renovación. ¿Qué necesitáis de mi parte?,facturacion,media,negativo,167,True
TCK-0079,2026-01-13T01:10,email,business,20,Se pierden los cambios al recargar,"Edito un informe, guardo, y al recargar la página los cambios han desaparecido. Me ha pasado 40 veces esta semana. Sin prisa.",bug_producto,alta,negativo,65,True
TCK-0080,2026-03-06T11:15,formulario,pro,25,El doble factor no me envía el código,"El SMS del segundo factor no llega desde hace 3 horas. Tengo una demo con un cliente y no puedo entrar en la plataforma. Es urgente, por favor. Llevamos todo el día parados.",acceso_cuenta,critica,negativo,3,True
TCK-0081,2026-01-18T15:54,chat,business,33,Las consultas tardan más de un minuto,"Las consultas que antes iban en segundos ahora superan el minuto de forma sistemática, sobre todo sobre rangos de fechas amplios.",rendimiento,alta,negativo,66,False
TCK-0082,2026-06-03T14:13,formulario,free,11,Cobro duplicado en la factura de marzo,"Buenas, revisando el extracto veo dos cargos de 29 € el mismo día de marzo. Solo tengo una suscripción free. ¿Podéis devolver el duplicado? Gracias de antemano.",facturacion,baja,neutro,2033,True
TCK-0083,2026-06-10T16:27,email,pro,7,La exportación a CSV sale vacía,La exportación a CSV descarga un fichero de 0 bytes desde la actualización de marzo. Antes funcionaba correctamente. Sin prisa.,bug_producto,alta,neutro,85,True
TCK-0084,2026-04-25T23:28,email,pro,7,Sincronización con Google Sheets parada,La sincronización con Google Sheets lleva 2 horas sin actualizar. La hoja destino sigue con los datos de antes.,integraciones,critica,negativo,8,True
TCK-0085,2026-05-27T07:31,formulario,pro,11,Usuario bloqueado tras varios intentos,Mi usuario se ha bloqueado tras varios intentos fallidos de inicio de sesión. ¿Podéis desbloquear pablo@acme.example?,acceso_cuenta,media,positivo,259,True
TCK-0086,2026-02-21T04:17,formulario,pro,52,El webhook deja de disparar eventos,Nuestro webhook a orbita.example dejó de recibir eventos hace 2 horas. No hemos cambiado nada del lado nuestro. Esto nos está bloqueando la operación y tenemos un cierre mañana.,integraciones,alta,negativo,57,False
TCK-0087,2026-06-23T02:45,chat,free,8,La app móvil se cierra al abrir un proyecto,La aplicación móvil se cierra sola al abrir cualquier proyecto. La he reinstalado y sigue igual.,bug_producto,baja,negativo,1890,True
TCK-0088,2026-04-03T20:13,email,pro,25,No puedo entrar en mi cuenta,Desde ayer no consigo iniciar sesión con pablo@orbita.example. Me dice credenciales incorrectas y el enlace de recuperación no llega ni a la bandeja de spam. Sin prisa.,acceso_cuenta,media,neutro,300,True
TCK-0089,2026-07-29T09:31,email,pro,39,El doble factor no me envía el código,El SMS del segundo factor no llega desde hace 3 horas. Tengo una demo con un cliente y no puedo entrar en la plataforma.,acceso_cuenta,alta,negativo,51,True
TCK-0090,2026-05-24T06:51,email,pro,57,Usuario bloqueado tras varios intentos,Mi usuario se ha bloqueado tras varios intentos fallidos de inicio de sesión. ¿Podéis desbloquear javier@delta-labs.example?,acceso_cuenta,critica,negativo,4,True
TCK-0091,2026-05-19T15:43,formulario,free,33,Necesito revocar el acceso de un empleado,Han salido dos personas del equipo y necesito revocar sus accesos hoy mismo por política interna de seguridad.,acceso_cuenta,media,negativo,236,True
TCK-0092,2026-05-05T16:34,chat,free,56,El doble factor no me envía el código,El SMS del segundo factor no llega desde hace 24 horas. Tengo una demo con un cliente y no puedo entrar en la plataforma. Tenemos una auditoría en curso y esto es crítico.,acceso_cuenta,media,neutro,172,True
TCK-0093,2026-07-29T20:30,email,pro,25,Quiero cambiar la forma de pago,Quiero pasar de pago con tarjeta a domiciliación bancaria antes de la próxima renovación. ¿Qué necesitáis de mi parte?,facturacion,media,negativo,173,True
TCK-0094,2026-03-29T04:12,email,business,44,¿Podéis añadir exportación a PDF?,"No es urgente, pero nos ahorraría mucho tiempo poder exportar los informes directamente a PDF sin pasar por el navegador.",solicitud_funcionalidad,baja,neutro,243,True
TCK-0095,2026-01-11T13:55,telefono,business,43,Consulta general sobre el plan,"Buenas, estamos valorando subir al plan business y quería saber qué incluye exactamente el soporte. Quedo atento, un saludo.",otros,baja,neutro,2813,True
TCK-0096,2026-07-03T03:54,chat,free,13,Duda sobre la documentación,"En la documentación no queda claro cómo se cuentan los usuarios activos. ¿Me lo podéis aclarar? Es urgente, por favor. Llevamos todo el día parados.",otros,baja,negativo,2119,True
TCK-0097,2026-03-21T11:43,formulario,pro,56,Sugerencia: alertas por Slack,"Sería genial recibir las alertas en Slack además de por correo. ¿Está en la hoja de ruta? Quedo atento, un saludo.",solicitud_funcionalidad,baja,neutro,1329,True
TCK-0098,2026-07-10T16:11,email,pro,33,Me han cobrado 99 € de más,En la última renovación se me ha cobrado 99 € por encima de lo que figura en el plan pro. Adjunto el justificante del cargo. Si no se resuelve hoy tendremos que valorar cancelar el contrato.,facturacion,media,negativo,21,True
TCK-0099,2026-04-19T07:02,chat,pro,37,Rate limit inesperado en la API,"Estamos recibiendo 429 con muy pocas peticiones por minuto, muy por debajo del límite que anuncia nuestro plan pro.",integraciones,alta,neutro,81,True
TCK-0100,2026-02-22T10:32,telefono,pro,4,Sincronización con Google Sheets parada,La sincronización con Google Sheets lleva 2 horas sin actualizar. La hoja destino sigue con los datos de antes.,integraciones,media,neutro,440,True
TCK-0101,2026-06-30T06:27,chat,free,12,El webhook deja de disparar eventos,Nuestro webhook a delta-labs.example dejó de recibir eventos hace 8 horas. No hemos cambiado nada del lado nuestro.,integraciones,baja,positivo,76,True
TCK-0102,2026-07-10T17:09,email,enterprise,19,Sincronización con Google Sheets parada,La sincronización con Google Sheets lleva 8 horas sin actualizar. La hoja destino sigue con los datos de antes. Sin prisa.,integraciones,media,neutro,85,True
TCK-0103,2026-01-12T03:06,email,business,2,Necesitamos firmar un DPA,Necesitamos firmar un acuerdo de tratamiento de datos antes de renovar el contrato del plan business. ¿A quién se lo pedimos?,datos_privacidad,media,negativo,124,True
TCK-0104,2026-06-07T01:35,email,enterprise,29,No me llega la factura de agosto,"Hola, no he recibido la factura de agosto y contabilidad me la está pidiendo para cerrar el trimestre. Mi cuenta es nuria@nimbus.example. Si no se resuelve hoy tendremos que valorar cancelar el contrato.",facturacion,alta,neutro,72,True
TCK-0105,2026-02-14T10:37,email,free,26,Quiero cambiar la forma de pago,"Quiero pasar de pago con tarjeta a domiciliación bancaria antes de la próxima renovación. ¿Qué necesitáis de mi parte? Quedo atento, un saludo.",facturacion,baja,neutro,948,True
TCK-0106,2026-03-04T18:11,email,pro,42,Exportación de todos mis datos personales,"Solicito una exportación completa de los datos personales asociados a javier@nimbus.example, en ejercicio del derecho de portabilidad. Es urgente, por favor. Llevamos todo el día parados.",datos_privacidad,critica,negativo,2,True
TCK-0107,2026-05-02T09:47,formulario,pro,31,Sincronización con Google Sheets parada,La sincronización con Google Sheets lleva 24 horas sin actualizar. La hoja destino sigue con los datos de antes.,integraciones,critica,negativo,12,False
TCK-0108,2026-04-25T04:41,chat,enterprise,9,Usuario bloqueado tras varios intentos,Mi usuario se ha bloqueado tras varios intentos fallidos de inicio de sesión. ¿Podéis desbloquear sofia@delta-labs.example?,acceso_cuenta,critica,negativo,18,True
TCK-0109,2026-04-13T00:35,telefono,business,44,Los gráficos no cargan en el panel,El panel principal se queda en blanco y la consola del navegador muestra un error de JavaScript. Afecta a 25 usuarios de mi equipo.,bug_producto,baja,neutro,832,True
TCK-0110,2026-07-02T01:21,chat,free,23,Necesitamos firmar un DPA,Necesitamos firmar un acuerdo de tratamiento de datos antes de renovar el contrato del plan free. ¿A quién se lo pedimos? Sin prisa.,datos_privacidad,baja,neutro,171,True
TCK-0111,2026-04-23T11:35,email,business,55,Se pierden los cambios al recargar,"Edito un informe, guardo, y al recargar la página los cambios han desaparecido. Me ha pasado 40 veces esta semana. Esto nos está bloqueando la operación y tenemos un cierre mañana.",bug_producto,alta,negativo,29,True
TCK-0112,2026-01-27T21:27,formulario,business,35,Posible acceso no autorizado a nuestra cuenta,Hemos detectado accesos desde una IP que no reconocemos. Necesitamos el registro de auditoría de las últimas 24 horas.,datos_privacidad,media,neutro,450,True
TCK-0113,2026-07-14T01:21,formulario,free,40,El doble factor no me envía el código,El SMS del segundo factor no llega desde hace 5 horas. Tengo una demo con un cliente y no puedo entrar en la plataforma. Sin prisa.,acceso_cuenta,baja,positivo,2203,True
TCK-0114,2026-01-07T05:00,chat,business,6,No me llega la factura de junio,"Hola, no he recibido la factura de junio y contabilidad me la está pidiendo para cerrar el trimestre. Mi cuenta es sofia@nimbus.example. Sin prisa.",facturacion,media,neutro,415,True
TCK-0115,2026-05-03T13:15,email,pro,56,Quiero cambiar la forma de pago,"Quiero pasar de pago con tarjeta a domiciliación bancaria antes de la próxima renovación. ¿Qué necesitáis de mi parte? Es urgente, por favor. Llevamos todo el día parados.",facturacion,media,negativo,475,True
TCK-0116,2026-05-21T10:51,email,pro,28,Cobro duplicado en la factura de junio,"Buenas, revisando el extracto veo dos cargos de 99 € el mismo día de junio. Solo tengo una suscripción pro. ¿Podéis devolver el duplicado?",facturacion,media,negativo,437,True
TCK-0117,2026-05-03T09:03,formulario,free,30,Error 500 al guardar un informe,"Al pulsar Guardar en un informe me devuelve un error 500. Pasa siempre, en Chrome y en Firefox. El identificador de la petición es req_137543987. Si no se resuelve hoy tendremos que valorar cancelar el contrato.",bug_producto,alta,negativo,53,True
TCK-0118,2026-03-18T03:47,formulario,free,37,Perdí acceso al correo de recuperación,El correo de recuperación de mi cuenta es una dirección antigua a la que ya no tengo acceso. ¿Cómo puedo recuperar la cuenta sofia@orbita.example?,acceso_cuenta,media,neutro,187,False
TCK-0119,2026-01-19T14:32,email,business,43,No puedo entrar en mi cuenta,Desde ayer no consigo iniciar sesión con pablo@orbita.example. Me dice credenciales incorrectas y el enlace de recuperación no llega ni a la bandeja de spam.,acceso_cuenta,alta,negativo,13,True
TCK-0120,2026-05-17T16:56,email,pro,23,Sincronización con Google Sheets parada,La sincronización con Google Sheets lleva 8 horas sin actualizar. La hoja destino sigue con los datos de antes.,integraciones,alta,negativo,53,False
TCK-0121,2026-04-14T06:38,formulario,business,35,Fallo al conectar con Salesforce,"Al conectar Salesforce el asistente se queda en el paso de autorización y acaba en un error genérico sin detalle. Quedo atento, un saludo.",integraciones,critica,negativo,15,True
TCK-0122,2026-03-21T09:19,chat,pro,37,La plataforma va extremadamente lenta,Desde hace 12 horas cualquier consulta tarda más de un minuto. Antes eran segundos. Somos 25 personas trabajando y está parado todo el equipo. Gracias de antemano.,rendimiento,critica,negativo,20,False
TCK-0123,2026-02-06T16:01,email,free,49,Nos vendría bien una API de borrado masivo,Para cumplir con nuestra política de retención de datos necesitaríamos una llamada de borrado masivo por API. Gracias de antemano.,solicitud_funcionalidad,baja,neutro,1543,True
TCK-0124,2026-01-27T09:55,email,free,21,Falta filtrar por etiquetas,Echamos de menos poder filtrar el listado por etiquetas; ahora hay que buscar a mano entre cientos de elementos. Gracias de antemano.,solicitud_funcionalidad,baja,neutro,2240,True
TCK-0125,2026-01-15T16:15,chat,free,32,Se pierden los cambios al recargar,"Edito un informe, guardo, y al recargar la página los cambios han desaparecido. Me ha pasado 3 veces esta semana. Gracias de antemano.",bug_producto,media,neutro,368,True
TCK-0126,2026-04-18T20:58,email,pro,24,No me llega la factura de diciembre,"Hola, no he recibido la factura de diciembre y contabilidad me la está pidiendo para cerrar el trimestre. Mi cuenta es sofia@orbita.example. Gracias de antemano.",facturacion,baja,neutro,1025,True
TCK-0127,2026-03-20T09:57,email,enterprise,20,Falta filtrar por etiquetas,Echamos de menos poder filtrar el listado por etiquetas; ahora hay que buscar a mano entre cientos de elementos. Sin prisa.,solicitud_funcionalidad,alta,neutro,66,True
TCK-0128,2026-01-16T00:45,email,pro,9,La app móvil se cierra al abrir un proyecto,La aplicación móvil se cierra sola al abrir cualquier proyecto. La he reinstalado y sigue igual.,bug_producto,alta,neutro,51,True
TCK-0129,2026-04-09T12:28,email,free,52,La exportación a CSV sale vacía,La exportación a CSV descarga un fichero de 0 bytes desde la actualización de agosto. Antes funcionaba correctamente. Gracias de antemano.,bug_producto,baja,positivo,2296,True
TCK-0130,2026-04-11T07:42,chat,pro,38,Petición: modo oscuro,Mucha gente del equipo trabaja de noche y agradeceríamos un modo oscuro en la interfaz.,solicitud_funcionalidad,media,neutro,226,True
TCK-0131,2026-04-01T13:58,chat,business,42,Las consultas tardan más de un minuto,"Las consultas que antes iban en segundos ahora superan el minuto de forma sistemática, sobre todo sobre rangos de fechas amplios.",rendimiento,alta,negativo,57,True
TCK-0132,2026-05-21T14:06,chat,free,53,Nos vendría bien una API de borrado masivo,Para cumplir con nuestra política de retención de datos necesitaríamos una llamada de borrado masivo por API. Si no se resuelve hoy tendremos que valorar cancelar el contrato.,solicitud_funcionalidad,media,negativo,220,True
TCK-0133,2026-07-12T13:39,formulario,free,26,Necesito revocar el acceso de un empleado,Han salido dos personas del equipo y necesito revocar sus accesos hoy mismo por política interna de seguridad.,acceso_cuenta,baja,positivo,757,True
TCK-0134,2026-07-08T05:05,email,enterprise,15,Necesito revocar el acceso de un empleado,Han salido dos personas del equipo y necesito revocar sus accesos hoy mismo por política interna de seguridad.,acceso_cuenta,alta,negativo,80,True
TCK-0135,2026-07-10T18:05,email,pro,18,Sugerencia: alertas por Slack,Sería genial recibir las alertas en Slack además de por correo. ¿Está en la hoja de ruta?,solicitud_funcionalidad,baja,positivo,2597,True
TCK-0136,2026-04-27T04:36,email,free,51,Necesito revocar el acceso de un empleado,Han salido dos personas del equipo y necesito revocar sus accesos hoy mismo por política interna de seguridad. Si no se resuelve hoy tendremos que valorar cancelar el contrato.,acceso_cuenta,media,negativo,130,True
TCK-0137,2026-07-23T08:18,formulario,free,58,El doble factor no me envía el código,El SMS del segundo factor no llega desde hace 3 horas. Tengo una demo con un cliente y no puedo entrar en la plataforma.,acceso_cuenta,baja,negativo,2077,True
TCK-0138,2026-01-12T07:00,email,free,45,Quiero cambiar la forma de pago,Quiero pasar de pago con tarjeta a domiciliación bancaria antes de la próxima renovación. ¿Qué necesitáis de mi parte? Sin prisa.,facturacion,baja,negativo,963,True
TCK-0139,2026-07-25T18:39,chat,business,31,El webhook deja de disparar eventos,Nuestro webhook a acme.example dejó de recibir eventos hace 24 horas. No hemos cambiado nada del lado nuestro. Sin prisa.,integraciones,media,neutro,216,True
TCK-0140,2026-01-26T19:36,formulario,pro,5,Sincronización con Google Sheets parada,La sincronización con Google Sheets lleva 5 horas sin actualizar. La hoja destino sigue con los datos de antes. Gracias de antemano.,integraciones,baja,neutro,1854,True
TCK-0141,2026-03-10T11:11,chat,pro,2,Cobro duplicado en la factura de julio,"Buenas, revisando el extracto veo dos cargos de 29 € el mismo día de julio. Solo tengo una suscripción pro. ¿Podéis devolver el duplicado? Quedo atento, un saludo.",facturacion,media,negativo,325,True
TCK-0142,2026-05-05T16:03,telefono,business,12,Error 500 al guardar un informe,"Al pulsar Guardar en un informe me devuelve un error 500. Pasa siempre, en Chrome y en Firefox. El identificador de la petición es req_253861839. Es urgente, por favor. Llevamos todo el día parados.",bug_producto,critica,negativo,8,True
TCK-0143,2026-04-28T10:48,formulario,pro,4,No puedo entrar en mi cuenta,Desde ayer no consigo iniciar sesión con luis@acme.example. Me dice credenciales incorrectas y el enlace de recuperación no llega ni a la bandeja de spam.,acceso_cuenta,media,neutro,213,True
TCK-0144,2026-07-26T11:49,chat,free,51,Perdí acceso al correo de recuperación,"El correo de recuperación de mi cuenta es una dirección antigua a la que ya no tengo acceso. ¿Cómo puedo recuperar la cuenta nuria@acme.example? Quedo atento, un saludo.",acceso_cuenta,media,negativo,300,True
TCK-0145,2026-05-12T09:05,formulario,free,43,Usuario bloqueado tras varios intentos,Mi usuario se ha bloqueado tras varios intentos fallidos de inicio de sesión. ¿Podéis desbloquear luis@orbita.example?,acceso_cuenta,baja,negativo,1778,True
TCK-0146,2026-03-13T03:02,email,free,47,Error 500 al guardar un informe,"Al pulsar Guardar en un informe me devuelve un error 500. Pasa siempre, en Chrome y en Firefox. El identificador de la petición es req_706909864.",bug_producto,media,negativo,316,True
TCK-0147,2026-06-11T06:53,email,free,21,Solicitud de borrado de datos (RGPD),"Ejerciendo el derecho de supresión del RGPD, solicito el borrado de todos los datos asociados a luis@delta-labs.example. Esto nos está bloqueando la operación y tenemos un cierre mañana.",datos_privacidad,alta,negativo,74,True
TCK-0148,2026-02-01T13:29,chat,free,59,No me llega la factura de septiembre,"Hola, no he recibido la factura de septiembre y contabilidad me la está pidiendo para cerrar el trimestre. Mi cuenta es sofia@orbita.example. Es urgente, por favor. Llevamos todo el día parados.",facturacion,media,negativo,141,True
TCK-0149,2026-04-01T14:57,formulario,business,7,Cobro duplicado en la factura de abril,"Buenas, revisando el extracto veo dos cargos de 9 € el mismo día de abril. Solo tengo una suscripción business. ¿Podéis devolver el duplicado?",facturacion,alta,negativo,71,True
TCK-0150,2026-05-16T10:12,chat,business,49,La app móvil se cierra al abrir un proyecto,La aplicación móvil se cierra sola al abrir cualquier proyecto. La he reinstalado y sigue igual.,bug_producto,media,neutro,416,True
TCK-0151,2026-04-15T17:30,chat,free,15,Necesito revocar el acceso de un empleado,Han salido dos personas del equipo y necesito revocar sus accesos hoy mismo por política interna de seguridad.,acceso_cuenta,media,neutro,99,True
TCK-0152,2026-02-22T16:15,email,pro,46,El webhook deja de disparar eventos,Nuestro webhook a delta-labs.example dejó de recibir eventos hace 2 horas. No hemos cambiado nada del lado nuestro.,integraciones,alta,negativo,16,True
TCK-0153,2026-01-21T19:55,chat,free,10,No me llega la factura de febrero,"Hola, no he recibido la factura de febrero y contabilidad me la está pidiendo para cerrar el trimestre. Mi cuenta es ana@orbita.example.",facturacion,baja,neutro,2620,True
TCK-0154,2026-07-25T07:30,email,free,36,Se pierden los cambios al recargar,"Edito un informe, guardo, y al recargar la página los cambios han desaparecido. Me ha pasado 40 veces esta semana.",bug_producto,media,neutro,78,True
TCK-0155,2026-05-08T08:17,email,pro,6,Quiero hablar con comercial,Me gustaría que me llamase alguien de comercial para valorar un contrato anual. Esto nos está bloqueando la operación y tenemos un cierre mañana.,otros,media,negativo,411,True
TCK-0156,2026-06-27T01:31,chat,free,7,No puedo entrar en mi cuenta,Desde ayer no consigo iniciar sesión con ana@delta-labs.example. Me dice credenciales incorrectas y el enlace de recuperación no llega ni a la bandeja de spam.,acceso_cuenta,media,neutro,163,True
TCK-0157,2026-07-28T15:47,email,free,8,¿Podéis añadir exportación a PDF?,"No es urgente, pero nos ahorraría mucho tiempo poder exportar los informes directamente a PDF sin pasar por el navegador.",solicitud_funcionalidad,baja,neutro,1000,True
TCK-0158,2026-05-17T16:19,chat,pro,31,Solicitud de borrado de datos (RGPD),"Ejerciendo el derecho de supresión del RGPD, solicito el borrado de todos los datos asociados a javier@delta-labs.example. Gracias de antemano.",datos_privacidad,alta,negativo,85,True
TCK-0159,2026-03-06T05:48,email,business,8,La API devuelve 401 con una clave válida,La API nos devuelve 401 con una clave que generamos ayer y que sigue apareciendo como activa en el panel.,integraciones,media,neutro,67,True
TCK-0160,2026-03-23T09:32,chat,free,46,Los gráficos no cargan en el panel,El panel principal se queda en blanco y la consola del navegador muestra un error de JavaScript. Afecta a 3 usuarios de mi equipo.,bug_producto,media,neutro,58,True
TCK-0161,2026-07-06T07:42,formulario,business,22,Necesito la factura con el CIF de mi empresa,"Necesito rehacer la factura de abril con los datos fiscales correctos: el CIF que aparece no es el nuestro y así no la puedo deducir. Quedo atento, un saludo.",facturacion,media,neutro,321,True
TCK-0162,2026-03-15T13:04,email,business,11,Solicitud de borrado de datos (RGPD),"Ejerciendo el derecho de supresión del RGPD, solicito el borrado de todos los datos asociados a nuria@acme.example. Gracias de antemano.",datos_privacidad,media,neutro,330,True
TCK-0163,2026-05-21T21:01,email,pro,40,La API devuelve 401 con una clave válida,La API nos devuelve 401 con una clave que generamos ayer y que sigue apareciendo como activa en el panel. Gracias de antemano.,integraciones,alta,neutro,42,True
TCK-0164,2026-07-11T16:35,email,pro,50,Timeouts constantes en el panel,El panel tarda muchísimo en cargar y a menudo acaba en timeout. Ocurre sobre todo a primera hora de la mañana. Tenemos una auditoría en curso y esto es crítico.,rendimiento,alta,negativo,41,True
TCK-0165,2026-01-15T09:54,email,free,36,Fallo al conectar con Salesforce,Al conectar Salesforce el asistente se queda en el paso de autorización y acaba en un error genérico sin detalle. Tenemos una auditoría en curso y esto es crítico.,integraciones,alta,negativo,76,False
TCK-0166,2026-01-08T21:46,chat,free,3,Necesito la factura con el CIF de mi empresa,Necesito rehacer la factura de enero con los datos fiscales correctos: el CIF que aparece no es el nuestro y así no la puedo deducir.,facturacion,media,neutro,219,True
TCK-0167,2026-07-28T07:15,telefono,pro,14,Quiero cambiar la forma de pago,Quiero pasar de pago con tarjeta a domiciliación bancaria antes de la próxima renovación. ¿Qué necesitáis de mi parte? Sin prisa.,facturacion,baja,negativo,1299,True
TCK-0168,2026-04-08T12:41,email,pro,2,Los informes grandes no terminan nunca,Los informes grandes ya no terminan: se quedan cargando indefinidamente y hay que cancelarlos a mano. Tenemos una auditoría en curso y esto es crítico.,rendimiento,critica,negativo,15,True
TCK-0169,2026-07-09T16:41,email,business,32,Falta filtrar por etiquetas,Echamos de menos poder filtrar el listado por etiquetas; ahora hay que buscar a mano entre cientos de elementos. Gracias de antemano.,solicitud_funcionalidad,baja,neutro,2512,True
TCK-0170,2026-04-26T20:45,email,pro,15,Nos vendría bien una API de borrado masivo,Para cumplir con nuestra política de retención de datos necesitaríamos una llamada de borrado masivo por API.,solicitud_funcionalidad,media,neutro,390,True
TCK-0171,2026-06-26T06:56,email,pro,6,La API devuelve 401 con una clave válida,La API nos devuelve 401 con una clave que generamos ayer y que sigue apareciendo como activa en el panel.,integraciones,alta,negativo,49,True
TCK-0172,2026-05-17T17:01,email,pro,52,La exportación a CSV sale vacía,La exportación a CSV descarga un fichero de 0 bytes desde la actualización de diciembre. Antes funcionaba correctamente.,bug_producto,media,positivo,246,True
TCK-0173,2026-03-29T00:35,email,pro,16,Sincronización con Google Sheets parada,La sincronización con Google Sheets lleva 12 horas sin actualizar. La hoja destino sigue con los datos de antes.,integraciones,media,neutro,159,True
TCK-0174,2026-07-19T19:49,email,business,56,El doble factor no me envía el código,El SMS del segundo factor no llega desde hace 24 horas. Tengo una demo con un cliente y no puedo entrar en la plataforma. Esto nos está bloqueando la operación y tenemos un cierre mañana.,acceso_cuenta,alta,negativo,48,False
TCK-0175,2026-07-27T20:55,chat,pro,48,Error 500 al guardar un informe,"Al pulsar Guardar en un informe me devuelve un error 500. Pasa siempre, en Chrome y en Firefox. El identificador de la petición es req_361996526. Quedo atento, un saludo.",bug_producto,baja,negativo,364,True
TCK-0176,2026-04-05T17:36,chat,pro,58,Falta filtrar por etiquetas,Echamos de menos poder filtrar el listado por etiquetas; ahora hay que buscar a mano entre cientos de elementos.,solicitud_funcionalidad,baja,neutro,1597,True
TCK-0177,2026-05-09T02:14,email,pro,59,Se pierden los cambios al recargar,"Edito un informe, guardo, y al recargar la página los cambios han desaparecido. Me ha pasado 40 veces esta semana. Quedo atento, un saludo.",bug_producto,media,negativo,59,True
TCK-0178,2026-06-19T11:29,email,free,5,La exportación a CSV sale vacía,La exportación a CSV descarga un fichero de 0 bytes desde la actualización de febrero. Antes funcionaba correctamente. Gracias de antemano.,bug_producto,baja,neutro,2373,True
TCK-0179,2026-05-17T16:33,telefono,pro,31,Perdí acceso al correo de recuperación,El correo de recuperación de mi cuenta es una dirección antigua a la que ya no tengo acceso. ¿Cómo puedo recuperar la cuenta nuria@delta-labs.example?,acceso_cuenta,media,neutro,345,True
TCK-0180,2026-07-13T13:52,email,pro,14,Cobro duplicado en la factura de mayo,"Buenas, revisando el extracto veo dos cargos de 99 € el mismo día de mayo. Solo tengo una suscripción pro. ¿Podéis devolver el duplicado? Si no se resuelve hoy tendremos que valorar cancelar el contrato.",facturacion,alta,negativo,52,False
TCK-0181,2026-02-13T22:00,formulario,pro,28,Las consultas tardan más de un minuto,"Las consultas que antes iban en segundos ahora superan el minuto de forma sistemática, sobre todo sobre rangos de fechas amplios. Gracias de antemano.",rendimiento,media,neutro,324,True
TCK-0182,2026-03-05T20:31,email,pro,27,Error 500 al guardar un informe,"Al pulsar Guardar en un informe me devuelve un error 500. Pasa siempre, en Chrome y en Firefox. El identificador de la petición es req_286252299. Sin prisa.",bug_producto,media,neutro,79,True
TCK-0183,2026-05-21T11:55,formulario,pro,48,Cobro duplicado en la factura de septiembre,"Buenas, revisando el extracto veo dos cargos de 9 € el mismo día de septiembre. Solo tengo una suscripción pro. ¿Podéis devolver el duplicado? Quedo atento, un saludo.",facturacion,media,neutro,45,True
TCK-0184,2026-07-03T13:10,email,enterprise,21,No puedo entrar en mi cuenta,"Desde ayer no consigo iniciar sesión con javier@nimbus.example. Me dice credenciales incorrectas y el enlace de recuperación no llega ni a la bandeja de spam. Quedo atento, un saludo.",acceso_cuenta,alta,neutro,53,True
TCK-0185,2026-07-21T23:45,chat,pro,47,La API devuelve 401 con una clave válida,La API nos devuelve 401 con una clave que generamos ayer y que sigue apareciendo como activa en el panel. Tenemos una auditoría en curso y esto es crítico.,integraciones,critica,negativo,5,True
TCK-0186,2026-03-09T14:57,chat,free,48,Sugerencia: alertas por Slack,Sería genial recibir las alertas en Slack además de por correo. ¿Está en la hoja de ruta? Esto nos está bloqueando la operación y tenemos un cierre mañana.,solicitud_funcionalidad,baja,negativo,2361,True
TCK-0187,2026-04-13T17:40,email,enterprise,3,El webhook deja de disparar eventos,Nuestro webhook a nimbus.example dejó de recibir eventos hace 8 horas. No hemos cambiado nada del lado nuestro. Esto nos está bloqueando la operación y tenemos un cierre mañana.,integraciones,critica,neutro,12,True
TCK-0188,2026-02-25T16:13,email,business,8,Necesito la factura con el CIF de mi empresa,Necesito rehacer la factura de octubre con los datos fiscales correctos: el CIF que aparece no es el nuestro y así no la puedo deducir. Esto nos está bloqueando la operación y tenemos un cierre mañana.,facturacion,alta,neutro,73,True
TCK-0189,2026-04-22T14:12,email,enterprise,59,Perdí acceso al correo de recuperación,El correo de recuperación de mi cuenta es una dirección antigua a la que ya no tengo acceso. ¿Cómo puedo recuperar la cuenta marta@acme.example? Si no se resuelve hoy tendremos que valorar cancelar el contrato.,acceso_cuenta,alta,neutro,35,True
TCK-0190,2026-06-27T15:52,chat,pro,23,Quiero hablar con comercial,Me gustaría que me llamase alguien de comercial para valorar un contrato anual. Sin prisa.,otros,baja,neutro,353,True
TCK-0191,2026-04-06T19:07,chat,free,12,Usuario bloqueado tras varios intentos,Mi usuario se ha bloqueado tras varios intentos fallidos de inicio de sesión. ¿Podéis desbloquear sofia@delta-labs.example?,acceso_cuenta,baja,neutro,458,True
TCK-0192,2026-06-14T19:05,email,free,47,Quiero cambiar la forma de pago,Quiero pasar de pago con tarjeta a domiciliación bancaria antes de la próxima renovación. ¿Qué necesitáis de mi parte? Esto nos está bloqueando la operación y tenemos un cierre mañana.,facturacion,media,negativo,360,True
TCK-0193,2026-05-05T03:06,email,pro,49,Me han cobrado 149 € de más,"En la última renovación se me ha cobrado 149 € por encima de lo que figura en el plan pro. Adjunto el justificante del cargo. Quedo atento, un saludo.",facturacion,media,negativo,178,True
TCK-0194,2026-03-17T02:37,chat,enterprise,57,Los informes grandes no terminan nunca,Los informes grandes ya no terminan: se quedan cargando indefinidamente y hay que cancelarlos a mano. Sin prisa.,rendimiento,critica,negativo,3,True
TCK-0195,2026-05-30T00:30,email,free,14,Los informes grandes no terminan nunca,Los informes grandes ya no terminan: se quedan cargando indefinidamente y hay que cancelarlos a mano.,rendimiento,baja,neutro,1756,True
TCK-0196,2026-04-27T01:56,chat,pro,51,Falta filtrar por etiquetas,Echamos de menos poder filtrar el listado por etiquetas; ahora hay que buscar a mano entre cientos de elementos. Si no se resuelve hoy tendremos que valorar cancelar el contrato.,solicitud_funcionalidad,critica,neutro,15,True
TCK-0197,2026-02-26T18:06,email,free,38,Usuario bloqueado tras varios intentos,Mi usuario se ha bloqueado tras varios intentos fallidos de inicio de sesión. ¿Podéis desbloquear ana@acme.example?,acceso_cuenta,baja,neutro,1193,True
TCK-0198,2026-01-06T18:41,chat,pro,49,El doble factor no me envía el código,El SMS del segundo factor no llega desde hace 8 horas. Tengo una demo con un cliente y no puedo entrar en la plataforma. Esto nos está bloqueando la operación y tenemos un cierre mañana.,acceso_cuenta,alta,neutro,38,False
TCK-0199,2026-07-17T09:27,formulario,pro,44,Necesito la factura con el CIF de mi empresa,Necesito rehacer la factura de mayo con los datos fiscales correctos: el CIF que aparece no es el nuestro y así no la puedo deducir.,facturacion,media,neutro,151,True
TCK-0200,2026-04-23T18:28,email,pro,28,El webhook deja de disparar eventos,Nuestro webhook a acme.example dejó de recibir eventos hace 24 horas. No hemos cambiado nada del lado nuestro.,integraciones,alta,neutro,9,True
TCK-0201,2026-07-02T11:33,email,pro,43,Falta filtrar por etiquetas,Echamos de menos poder filtrar el listado por etiquetas; ahora hay que buscar a mano entre cientos de elementos. Gracias de antemano.,solicitud_funcionalidad,media,neutro,400,True
TCK-0202,2026-03-14T16:00,chat,business,23,Los gráficos no cargan en el panel,El panel principal se queda en blanco y la consola del navegador muestra un error de JavaScript. Afecta a 3 usuarios de mi equipo. Gracias de antemano.,bug_producto,media,neutro,32,True
TCK-0203,2026-01-16T22:35,email,free,22,La API devuelve 401 con una clave válida,"La API nos devuelve 401 con una clave que generamos ayer y que sigue apareciendo como activa en el panel. Es urgente, por favor. Llevamos todo el día parados.",integraciones,baja,negativo,1987,True
TCK-0204,2026-04-18T01:31,chat,pro,6,La API devuelve 401 con una clave válida,"La API nos devuelve 401 con una clave que generamos ayer y que sigue apareciendo como activa en el panel. Es urgente, por favor. Llevamos todo el día parados.",integraciones,critica,negativo,11,True
TCK-0205,2026-04-01T12:07,chat,pro,26,Los informes grandes no terminan nunca,Los informes grandes ya no terminan: se quedan cargando indefinidamente y hay que cancelarlos a mano.,rendimiento,critica,neutro,13,True
TCK-0206,2026-06-18T00:37,chat,free,29,Se pierden los cambios al recargar,"Edito un informe, guardo, y al recargar la página los cambios han desaparecido. Me ha pasado 12 veces esta semana. Tenemos una auditoría en curso y esto es crítico.",bug_producto,alta,negativo,81,True
TCK-0207,2026-01-15T18:58,chat,pro,9,No puedo entrar en mi cuenta,Desde ayer no consigo iniciar sesión con nuria@nimbus.example. Me dice credenciales incorrectas y el enlace de recuperación no llega ni a la bandeja de spam.,acceso_cuenta,critica,neutro,17,False
TCK-0208,2026-05-30T18:37,email,free,58,Rate limit inesperado en la API,"Estamos recibiendo 429 con muy pocas peticiones por minuto, muy por debajo del límite que anuncia nuestro plan free. Sin prisa.",integraciones,baja,positivo,374,True
TCK-0209,2026-04-07T19:45,email,business,2,Quiero cambiar la forma de pago,Quiero pasar de pago con tarjeta a domiciliación bancaria antes de la próxima renovación. ¿Qué necesitáis de mi parte?,facturacion,baja,positivo,1861,True
TCK-0210,2026-07-01T02:00,formulario,pro,52,El doble factor no me envía el código,El SMS del segundo factor no llega desde hace 24 horas. Tengo una demo con un cliente y no puedo entrar en la plataforma. Sin prisa.,acceso_cuenta,alta,negativo,5,True
TCK-0211,2026-06-03T07:25,chat,pro,26,Petición: modo oscuro,Mucha gente del equipo trabaja de noche y agradeceríamos un modo oscuro en la interfaz.,solicitud_funcionalidad,baja,positivo,2208,True
TCK-0212,2026-04-28T11:10,formulario,free,48,Se pierden los cambios al recargar,"Edito un informe, guardo, y al recargar la página los cambios han desaparecido. Me ha pasado 8 veces esta semana.",bug_producto,media,neutro,194,True
TCK-0213,2026-05-20T21:53,telefono,pro,8,Quiero cambiar la forma de pago,"Quiero pasar de pago con tarjeta a domiciliación bancaria antes de la próxima renovación. ¿Qué necesitáis de mi parte? Quedo atento, un saludo.",facturacion,alta,negativo,9,True
TCK-0214,2026-02-28T10:08,chat,business,19,Se pierden los cambios al recargar,"Edito un informe, guardo, y al recargar la página los cambios han desaparecido. Me ha pasado 5 veces esta semana.",bug_producto,media,neutro,236,True
TCK-0215,2026-02-22T00:01,chat,free,6,Necesitamos firmar un DPA,"Necesitamos firmar un acuerdo de tratamiento de datos antes de renovar el contrato del plan free. ¿A quién se lo pedimos? Quedo atento, un saludo.",datos_privacidad,baja,positivo,1178,True
TCK-0216,2026-04-11T07:14,email,pro,32,Necesito revocar el acceso de un empleado,"Han salido dos personas del equipo y necesito revocar sus accesos hoy mismo por política interna de seguridad. Quedo atento, un saludo.",acceso_cuenta,media,neutro,62,True
TCK-0217,2026-02-17T13:41,chat,free,30,El webhook deja de disparar eventos,Nuestro webhook a acme.example dejó de recibir eventos hace 5 horas. No hemos cambiado nada del lado nuestro.,integraciones,media,neutro,433,True
TCK-0218,2026-03-13T02:24,telefono,pro,10,La exportación a CSV sale vacía,La exportación a CSV descarga un fichero de 0 bytes desde la actualización de noviembre. Antes funcionaba correctamente. Gracias de antemano.,bug_producto,media,neutro,463,True
TCK-0219,2026-04-18T18:22,email,free,46,Necesitamos firmar un DPA,Necesitamos firmar un acuerdo de tratamiento de datos antes de renovar el contrato del plan free. ¿A quién se lo pedimos?,datos_privacidad,alta,neutro,70,True
TCK-0220,2026-04-24T22:32,chat,pro,23,La API devuelve 401 con una clave válida,La API nos devuelve 401 con una clave que generamos ayer y que sigue apareciendo como activa en el panel.,integraciones,alta,neutro,72,True
TCK-0221,2026-06-15T16:05,email,business,15,Necesito la factura con el CIF de mi empresa,Necesito rehacer la factura de abril con los datos fiscales correctos: el CIF que aparece no es el nuestro y así no la puedo deducir.,facturacion,media,neutro,358,True
TCK-0222,2026-02-11T14:38,chat,pro,42,Timeouts constantes en el panel,El panel tarda muchísimo en cargar y a menudo acaba en timeout. Ocurre sobre todo a primera hora de la mañana.,rendimiento,baja,neutro,2253,True
TCK-0223,2026-01-20T09:04,email,pro,38,Solicitud de borrado de datos (RGPD),"Ejerciendo el derecho de supresión del RGPD, solicito el borrado de todos los datos asociados a marta@nimbus.example. Tenemos una auditoría en curso y esto es crítico.",datos_privacidad,media,negativo,229,True
TCK-0224,2026-01-17T14:51,email,pro,45,Perdí acceso al correo de recuperación,"El correo de recuperación de mi cuenta es una dirección antigua a la que ya no tengo acceso. ¿Cómo puedo recuperar la cuenta pablo@orbita.example? Quedo atento, un saludo.",acceso_cuenta,critica,negativo,15,True
TCK-0225,2026-01-24T09:51,formulario,pro,2,Fallo al conectar con Salesforce,Al conectar Salesforce el asistente se queda en el paso de autorización y acaba en un error genérico sin detalle. Si no se resuelve hoy tendremos que valorar cancelar el contrato.,integraciones,media,negativo,73,True
TCK-0226,2026-05-10T02:27,chat,business,24,No me llega la factura de mayo,"Hola, no he recibido la factura de mayo y contabilidad me la está pidiendo para cerrar el trimestre. Mi cuenta es nuria@acme.example. Quedo atento, un saludo.",facturacion,media,negativo,135,True
TCK-0227,2026-04-17T06:39,chat,business,11,¿Tenéis descuento para ONG?,"Somos una entidad sin ánimo de lucro, ¿tenéis algún tipo de descuento sobre el plan business?",otros,baja,negativo,1357,True
TCK-0228,2026-03-25T15:46,telefono,pro,17,Necesito revocar el acceso de un empleado,Han salido dos personas del equipo y necesito revocar sus accesos hoy mismo por política interna de seguridad.,acceso_cuenta,media,neutro,168,True
TCK-0229,2026-06-26T11:20,email,pro,37,Los gráficos no cargan en el panel,El panel principal se queda en blanco y la consola del navegador muestra un error de JavaScript. Afecta a 40 usuarios de mi equipo.,bug_producto,media,positivo,469,True
TCK-0230,2026-08-01T02:22,email,pro,43,Quiero hablar con comercial,Me gustaría que me llamase alguien de comercial para valorar un contrato anual. Gracias de antemano.,otros,baja,neutro,1706,True
TCK-0231,2026-02-04T08:50,email,pro,18,Sincronización con Google Sheets parada,"La sincronización con Google Sheets lleva 48 horas sin actualizar. La hoja destino sigue con los datos de antes. Es urgente, por favor. Llevamos todo el día parados.",integraciones,media,negativo,432,True
TCK-0232,2026-07-27T13:23,chat,free,41,La app móvil se cierra al abrir un proyecto,"La aplicación móvil se cierra sola al abrir cualquier proyecto. La he reinstalado y sigue igual. Quedo atento, un saludo.",bug_producto,alta,negativo,24,True
TCK-0233,2026-07-11T21:31,telefono,enterprise,4,Timeouts constantes en el panel,El panel tarda muchísimo en cargar y a menudo acaba en timeout. Ocurre sobre todo a primera hora de la mañana. Si no se resuelve hoy tendremos que valorar cancelar el contrato.,rendimiento,critica,negativo,18,True
TCK-0234,2026-05-18T01:23,formulario,free,54,Rate limit inesperado en la API,"Estamos recibiendo 429 con muy pocas peticiones por minuto, muy por debajo del límite que anuncia nuestro plan free.",integraciones,baja,neutro,651,True
TCK-0235,2026-07-19T08:26,chat,pro,56,El doble factor no me envía el código,El SMS del segundo factor no llega desde hace 48 horas. Tengo una demo con un cliente y no puedo entrar en la plataforma.,acceso_cuenta,media,negativo,299,True
TCK-0236,2026-03-25T23:42,chat,pro,26,Falta filtrar por etiquetas,Echamos de menos poder filtrar el listado por etiquetas; ahora hay que buscar a mano entre cientos de elementos. Gracias de antemano.,solicitud_funcionalidad,baja,neutro,929,True
TCK-0237,2026-04-06T09:05,formulario,business,3,Los gráficos no cargan en el panel,El panel principal se queda en blanco y la consola del navegador muestra un error de JavaScript. Afecta a 25 usuarios de mi equipo.,bug_producto,alta,negativo,55,True
TCK-0238,2026-07-30T18:32,email,free,52,Timeouts constantes en el panel,El panel tarda muchísimo en cargar y a menudo acaba en timeout. Ocurre sobre todo a primera hora de la mañana. Sin prisa.,rendimiento,media,negativo,302,True
TCK-0239,2026-05-15T02:58,chat,free,28,Me han cobrado 29 € de más,"En la última renovación se me ha cobrado 29 € por encima de lo que figura en el plan free. Adjunto el justificante del cargo. Quedo atento, un saludo.",facturacion,media,neutro,249,True
TCK-0240,2026-07-15T13:41,chat,free,44,Nos vendría bien una API de borrado masivo,Para cumplir con nuestra política de retención de datos necesitaríamos una llamada de borrado masivo por API. Sin prisa.,solicitud_funcionalidad,baja,positivo,2011,True
TCK-0241,2026-02-14T20:44,formulario,pro,54,Solicitud de borrado de datos (RGPD),"Ejerciendo el derecho de supresión del RGPD, solicito el borrado de todos los datos asociados a sofia@acme.example. Quedo atento, un saludo.",datos_privacidad,baja,negativo,351,True
TCK-0242,2026-01-21T04:55,email,free,6,La API devuelve 401 con una clave válida,La API nos devuelve 401 con una clave que generamos ayer y que sigue apareciendo como activa en el panel. Sin prisa.,integraciones,baja,neutro,839,True
TCK-0243,2026-02-27T09:51,email,enterprise,6,Fallo al conectar con Salesforce,Al conectar Salesforce el asistente se queda en el paso de autorización y acaba en un error genérico sin detalle.,integraciones,critica,neutro,22,True
TCK-0244,2026-07-28T06:37,email,pro,44,Las consultas tardan más de un minuto,"Las consultas que antes iban en segundos ahora superan el minuto de forma sistemática, sobre todo sobre rangos de fechas amplios. Gracias de antemano.",rendimiento,critica,negativo,3,True
TCK-0245,2026-05-27T07:22,email,enterprise,59,Las consultas tardan más de un minuto,"Las consultas que antes iban en segundos ahora superan el minuto de forma sistemática, sobre todo sobre rangos de fechas amplios.",rendimiento,critica,negativo,3,True
TCK-0246,2026-01-06T22:20,formulario,enterprise,25,La exportación a CSV sale vacía,La exportación a CSV descarga un fichero de 0 bytes desde la actualización de mayo. Antes funcionaba correctamente.,bug_producto,critica,negativo,5,True
TCK-0247,2026-07-29T21:00,chat,free,3,Fallo al conectar con Salesforce,Al conectar Salesforce el asistente se queda en el paso de autorización y acaba en un error genérico sin detalle.,integraciones,alta,negativo,21,True
TCK-0248,2026-04-08T10:40,email,free,33,Nos vendría bien una API de borrado masivo,"Para cumplir con nuestra política de retención de datos necesitaríamos una llamada de borrado masivo por API. Es urgente, por favor. Llevamos todo el día parados.",solicitud_funcionalidad,baja,negativo,1361,True
TCK-0249,2026-06-26T09:45,formulario,free,41,Necesito la factura con el CIF de mi empresa,Necesito rehacer la factura de abril con los datos fiscales correctos: el CIF que aparece no es el nuestro y así no la puedo deducir. Gracias de antemano.,facturacion,baja,neutro,1008,True
TCK-0250,2026-04-16T05:21,chat,free,50,Los gráficos no cargan en el panel,"El panel principal se queda en blanco y la consola del navegador muestra un error de JavaScript. Afecta a 5 usuarios de mi equipo. Quedo atento, un saludo.",bug_producto,media,negativo,136,True
TCK-0251,2026-06-21T13:44,formulario,enterprise,35,Los informes grandes no terminan nunca,Los informes grandes ya no terminan: se quedan cargando indefinidamente y hay que cancelarlos a mano.,rendimiento,critica,negativo,8,True
TCK-0252,2026-04-05T20:08,chat,business,5,La exportación a CSV sale vacía,La exportación a CSV descarga un fichero de 0 bytes desde la actualización de junio. Antes funcionaba correctamente. Si no se resuelve hoy tendremos que valorar cancelar el contrato.,bug_producto,alta,negativo,55,True
TCK-0253,2026-01-19T18:47,email,free,46,La app móvil se cierra al abrir un proyecto,La aplicación móvil se cierra sola al abrir cualquier proyecto. La he reinstalado y sigue igual. Si no se resuelve hoy tendremos que valorar cancelar el contrato.,bug_producto,media,negativo,408,True
TCK-0254,2026-04-13T06:21,formulario,business,8,Sincronización con Google Sheets parada,"La sincronización con Google Sheets lleva 12 horas sin actualizar. La hoja destino sigue con los datos de antes. Quedo atento, un saludo.",integraciones,media,negativo,462,True
TCK-0255,2026-06-20T22:16,email,business,51,La plataforma va extremadamente lenta,"Desde hace 24 horas cualquier consulta tarda más de un minuto. Antes eran segundos. Somos 3 personas trabajando y está parado todo el equipo. Quedo atento, un saludo.",rendimiento,critica,negativo,9,True
TCK-0256,2026-03-10T16:37,email,pro,5,Nos vendría bien una API de borrado masivo,"Para cumplir con nuestra política de retención de datos necesitaríamos una llamada de borrado masivo por API. Quedo atento, un saludo.",solicitud_funcionalidad,baja,positivo,1279,True
TCK-0257,2026-06-27T11:03,telefono,pro,50,La API devuelve 401 con una clave válida,La API nos devuelve 401 con una clave que generamos ayer y que sigue apareciendo como activa en el panel. Esto nos está bloqueando la operación y tenemos un cierre mañana.,integraciones,alta,negativo,79,True
TCK-0258,2026-02-12T13:54,formulario,free,38,Los informes grandes no terminan nunca,Los informes grandes ya no terminan: se quedan cargando indefinidamente y hay que cancelarlos a mano.,rendimiento,media,negativo,262,True
TCK-0259,2026-06-19T07:45,chat,free,48,Timeouts constantes en el panel,El panel tarda muchísimo en cargar y a menudo acaba en timeout. Ocurre sobre todo a primera hora de la mañana.,rendimiento,baja,neutro,1240,True
TCK-0260,2026-06-29T13:17,formulario,business,6,Timeouts constantes en el panel,"El panel tarda muchísimo en cargar y a menudo acaba en timeout. Ocurre sobre todo a primera hora de la mañana. Quedo atento, un saludo.",rendimiento,alta,negativo,25,True
TCK-0261,2026-07-19T10:21,chat,free,35,Los informes grandes no terminan nunca,Los informes grandes ya no terminan: se quedan cargando indefinidamente y hay que cancelarlos a mano.,rendimiento,media,neutro,69,True
TCK-0262,2026-05-18T15:28,email,free,10,El webhook deja de disparar eventos,Nuestro webhook a delta-labs.example dejó de recibir eventos hace 12 horas. No hemos cambiado nada del lado nuestro. Sin prisa.,integraciones,baja,negativo,901,True
TCK-0263,2026-06-02T08:29,email,pro,39,Sincronización con Google Sheets parada,La sincronización con Google Sheets lleva 3 horas sin actualizar. La hoja destino sigue con los datos de antes. Tenemos una auditoría en curso y esto es crítico.,integraciones,alta,negativo,82,True
TCK-0264,2026-01-12T17:57,chat,pro,5,Falta filtrar por etiquetas,Echamos de menos poder filtrar el listado por etiquetas; ahora hay que buscar a mano entre cientos de elementos. Sin prisa.,solicitud_funcionalidad,baja,positivo,1852,True
TCK-0265,2026-02-05T03:46,email,free,14,Timeouts constantes en el panel,El panel tarda muchísimo en cargar y a menudo acaba en timeout. Ocurre sobre todo a primera hora de la mañana.,rendimiento,baja,negativo,114,True
TCK-0266,2026-01-28T05:51,chat,pro,26,Sincronización con Google Sheets parada,La sincronización con Google Sheets lleva 2 horas sin actualizar. La hoja destino sigue con los datos de antes.,integraciones,alta,negativo,19,True
TCK-0267,2026-06-16T08:38,email,pro,16,Perdí acceso al correo de recuperación,El correo de recuperación de mi cuenta es una dirección antigua a la que ya no tengo acceso. ¿Cómo puedo recuperar la cuenta nuria@nimbus.example? Gracias de antemano.,acceso_cuenta,alta,negativo,13,True
TCK-0268,2026-01-13T07:19,formulario,pro,1,Me han cobrado 99 € de más,En la última renovación se me ha cobrado 99 € por encima de lo que figura en el plan pro. Adjunto el justificante del cargo.,facturacion,media,neutro,318,True
TCK-0269,2026-03-24T19:37,email,free,25,La app móvil se cierra al abrir un proyecto,"La aplicación móvil se cierra sola al abrir cualquier proyecto. La he reinstalado y sigue igual. Es urgente, por favor. Llevamos todo el día parados.",bug_producto,media,negativo,206,True
TCK-0270,2026-01-27T14:03,chat,pro,8,Perdí acceso al correo de recuperación,"El correo de recuperación de mi cuenta es una dirección antigua a la que ya no tengo acceso. ¿Cómo puedo recuperar la cuenta luis@delta-labs.example? Quedo atento, un saludo.",acceso_cuenta,baja,positivo,519,True
TCK-0271,2026-07-01T10:15,email,pro,50,Sugerencia: alertas por Slack,"Sería genial recibir las alertas en Slack además de por correo. ¿Está en la hoja de ruta? Quedo atento, un saludo.",solicitud_funcionalidad,media,neutro,290,True
TCK-0272,2026-08-01T03:52,email,free,36,No puedo entrar en mi cuenta,Desde ayer no consigo iniciar sesión con marta@nimbus.example. Me dice credenciales incorrectas y el enlace de recuperación no llega ni a la bandeja de spam. Gracias de antemano.,acceso_cuenta,media,negativo,185,True
TCK-0273,2026-03-07T10:12,formulario,business,7,Duda sobre la documentación,En la documentación no queda claro cómo se cuentan los usuarios activos. ¿Me lo podéis aclarar? Gracias de antemano.,otros,media,neutro,425,False
TCK-0274,2026-05-18T11:04,email,enterprise,31,La exportación a CSV sale vacía,"La exportación a CSV descarga un fichero de 0 bytes desde la actualización de marzo. Antes funcionaba correctamente. Es urgente, por favor. Llevamos todo el día parados.",bug_producto,critica,negativo,4,False
TCK-0275,2026-05-16T22:49,formulario,pro,10,La API devuelve 401 con una clave válida,La API nos devuelve 401 con una clave que generamos ayer y que sigue apareciendo como activa en el panel. Esto nos está bloqueando la operación y tenemos un cierre mañana.,integraciones,alta,negativo,88,True
TCK-0276,2026-06-19T03:11,formulario,pro,26,Los informes grandes no terminan nunca,Los informes grandes ya no terminan: se quedan cargando indefinidamente y hay que cancelarlos a mano. Sin prisa.,rendimiento,critica,negativo,8,True
TCK-0277,2026-02-03T16:28,chat,enterprise,39,Cobro duplicado en la factura de julio,"Buenas, revisando el extracto veo dos cargos de 19 € el mismo día de julio. Solo tengo una suscripción enterprise. ¿Podéis devolver el duplicado?",facturacion,alta,neutro,26,True
TCK-0278,2026-03-06T05:39,telefono,free,42,Los informes grandes no terminan nunca,"Los informes grandes ya no terminan: se quedan cargando indefinidamente y hay que cancelarlos a mano. Quedo atento, un saludo.",rendimiento,media,positivo,82,True
TCK-0279,2026-05-25T16:21,chat,pro,18,Quiero cambiar la forma de pago,Quiero pasar de pago con tarjeta a domiciliación bancaria antes de la próxima renovación. ¿Qué necesitáis de mi parte? Gracias de antemano.,facturacion,media,neutro,425,True
TCK-0280,2026-06-22T17:26,email,pro,49,El webhook deja de disparar eventos,Nuestro webhook a orbita.example dejó de recibir eventos hace 24 horas. No hemos cambiado nada del lado nuestro. Tenemos una auditoría en curso y esto es crítico.,integraciones,alta,negativo,74,True
TCK-0281,2026-06-22T21:59,email,pro,29,La exportación a CSV sale vacía,La exportación a CSV descarga un fichero de 0 bytes desde la actualización de julio. Antes funcionaba correctamente. Gracias de antemano.,bug_producto,alta,negativo,69,False
TCK-0282,2026-03-11T00:04,email,pro,32,Los gráficos no cargan en el panel,El panel principal se queda en blanco y la consola del navegador muestra un error de JavaScript. Afecta a 5 usuarios de mi equipo.,bug_producto,media,neutro,116,True
TCK-0283,2026-03-30T11:46,email,free,59,El doble factor no me envía el código,El SMS del segundo factor no llega desde hace 48 horas. Tengo una demo con un cliente y no puedo entrar en la plataforma. Gracias de antemano.,acceso_cuenta,baja,neutro,1818,True
TCK-0284,2026-04-06T11:43,formulario,enterprise,46,La exportación a CSV sale vacía,La exportación a CSV descarga un fichero de 0 bytes desde la actualización de noviembre. Antes funcionaba correctamente.,bug_producto,alta,neutro,25,True
TCK-0285,2026-03-28T04:43,formulario,pro,59,Nos vendría bien una API de borrado masivo,Para cumplir con nuestra política de retención de datos necesitaríamos una llamada de borrado masivo por API. Esto nos está bloqueando la operación y tenemos un cierre mañana.,solicitud_funcionalidad,alta,negativo,39,True
TCK-0286,2026-01-21T01:18,chat,pro,19,Exportación de todos mis datos personales,"Solicito una exportación completa de los datos personales asociados a nuria@orbita.example, en ejercicio del derecho de portabilidad.",datos_privacidad,media,neutro,212,True
TCK-0287,2026-03-26T11:34,email,free,26,Quiero cambiar la forma de pago,"Quiero pasar de pago con tarjeta a domiciliación bancaria antes de la próxima renovación. ¿Qué necesitáis de mi parte? Quedo atento, un saludo.",facturacion,baja,negativo,1444,True
TCK-0288,2026-02-26T23:57,telefono,pro,14,¿Dónde se almacenan nuestros datos?,Nuestro departamento legal pregunta en qué región se almacenan los datos y si en algún momento salen del Espacio Económico Europeo.,datos_privacidad,media,positivo,90,True
TCK-0289,2026-03-25T06:14,email,free,39,La app móvil se cierra al abrir un proyecto,"La aplicación móvil se cierra sola al abrir cualquier proyecto. La he reinstalado y sigue igual. Quedo atento, un saludo.",bug_producto,media,neutro,75,True
TCK-0290,2026-06-07T18:04,email,pro,56,La app móvil se cierra al abrir un proyecto,La aplicación móvil se cierra sola al abrir cualquier proyecto. La he reinstalado y sigue igual.,bug_producto,media,neutro,261,True
TCK-0291,2026-06-16T17:14,chat,pro,40,Falta filtrar por etiquetas,Echamos de menos poder filtrar el listado por etiquetas; ahora hay que buscar a mano entre cientos de elementos.,solicitud_funcionalidad,baja,neutro,1369,True
TCK-0292,2026-03-17T04:56,formulario,free,27,La API devuelve 401 con una clave válida,La API nos devuelve 401 con una clave que generamos ayer y que sigue apareciendo como activa en el panel.,integraciones,media,neutro,207,True
TCK-0293,2026-03-17T11:19,email,pro,29,El webhook deja de disparar eventos,Nuestro webhook a nimbus.example dejó de recibir eventos hace 8 horas. No hemos cambiado nada del lado nuestro.,integraciones,media,negativo,427,True
TCK-0294,2026-04-22T17:35,chat,pro,45,Los gráficos no cargan en el panel,El panel principal se queda en blanco y la consola del navegador muestra un error de JavaScript. Afecta a 40 usuarios de mi equipo.,bug_producto,alta,negativo,48,True
TCK-0295,2026-02-02T14:18,chat,free,42,Nos vendría bien una API de borrado masivo,"Para cumplir con nuestra política de retención de datos necesitaríamos una llamada de borrado masivo por API. Es urgente, por favor. Llevamos todo el día parados.",solicitud_funcionalidad,baja,neutro,824,True
TCK-0296,2026-05-30T20:59,email,free,41,Posible acceso no autorizado a nuestra cuenta,Hemos detectado accesos desde una IP que no reconocemos. Necesitamos el registro de auditoría de las últimas 3 horas.,datos_privacidad,alta,neutro,20,True
TCK-0297,2026-06-21T12:29,formulario,business,34,Error 500 al guardar un informe,"Al pulsar Guardar en un informe me devuelve un error 500. Pasa siempre, en Chrome y en Firefox. El identificador de la petición es req_255483666. Gracias de antemano.",bug_producto,media,neutro,252,True
TCK-0298,2026-02-13T20:36,email,enterprise,52,Fallo al conectar con Salesforce,Al conectar Salesforce el asistente se queda en el paso de autorización y acaba en un error genérico sin detalle.,integraciones,critica,negativo,12,True
TCK-0299,2026-04-10T07:23,email,pro,54,Necesito la factura con el CIF de mi empresa,Necesito rehacer la factura de marzo con los datos fiscales correctos: el CIF que aparece no es el nuestro y así no la puedo deducir. Gracias de antemano.,facturacion,alta,negativo,72,False
TCK-0300,2026-03-19T03:56,email,pro,14,Rate limit inesperado en la API,"Estamos recibiendo 429 con muy pocas peticiones por minuto, muy por debajo del límite que anuncia nuestro plan pro. Quedo atento, un saludo.",integraciones,alta,negativo,57,False
TCK-0301,2026-03-29T09:21,telefono,free,15,Necesito la factura con el CIF de mi empresa,Necesito rehacer la factura de enero con los datos fiscales correctos: el CIF que aparece no es el nuestro y así no la puedo deducir. Sin prisa.,facturacion,media,neutro,282,True
TCK-0302,2026-01-12T17:04,chat,free,30,Sugerencia: alertas por Slack,Sería genial recibir las alertas en Slack además de por correo. ¿Está en la hoja de ruta? Esto nos está bloqueando la operación y tenemos un cierre mañana.,solicitud_funcionalidad,baja,negativo,678,True
TCK-0303,2026-07-22T05:53,formulario,free,42,Se pierden los cambios al recargar,"Edito un informe, guardo, y al recargar la página los cambios han desaparecido. Me ha pasado 5 veces esta semana. Sin prisa.",bug_producto,alta,negativo,57,True
TCK-0304,2026-01-30T21:52,email,pro,12,Petición: modo oscuro,"Mucha gente del equipo trabaja de noche y agradeceríamos un modo oscuro en la interfaz. Quedo atento, un saludo.",solicitud_funcionalidad,baja,neutro,2150,True
TCK-0305,2026-06-21T16:45,email,free,18,Sugerencia: alertas por Slack,Sería genial recibir las alertas en Slack además de por correo. ¿Está en la hoja de ruta? Sin prisa.,solicitud_funcionalidad,baja,neutro,770,False
TCK-0306,2026-03-13T07:37,email,business,54,Exportación de todos mis datos personales,"Solicito una exportación completa de los datos personales asociados a sofia@delta-labs.example, en ejercicio del derecho de portabilidad.",datos_privacidad,media,neutro,73,True
TCK-0307,2026-04-16T20:56,email,pro,28,Los gráficos no cargan en el panel,El panel principal se queda en blanco y la consola del navegador muestra un error de JavaScript. Afecta a 8 usuarios de mi equipo.,bug_producto,media,neutro,102,True
TCK-0308,2026-08-02T10:50,email,pro,46,La API devuelve 401 con una clave válida,La API nos devuelve 401 con una clave que generamos ayer y que sigue apareciendo como activa en el panel. Gracias de antemano.,integraciones,media,positivo,197,True
TCK-0309,2026-02-19T13:40,email,enterprise,9,Los gráficos no cargan en el panel,El panel principal se queda en blanco y la consola del navegador muestra un error de JavaScript. Afecta a 25 usuarios de mi equipo.,bug_producto,critica,negativo,11,False
TCK-0310,2026-06-03T01:05,email,free,13,Sugerencia: alertas por Slack,Sería genial recibir las alertas en Slack además de por correo. ¿Está en la hoja de ruta? Si no se resuelve hoy tendremos que valorar cancelar el contrato.,solicitud_funcionalidad,baja,negativo,481,True
TCK-0311,2026-07-20T20:09,chat,free,56,El webhook deja de disparar eventos,Nuestro webhook a nimbus.example dejó de recibir eventos hace 12 horas. No hemos cambiado nada del lado nuestro.,integraciones,alta,negativo,73,True
TCK-0312,2026-05-27T16:09,email,pro,14,Me han cobrado 99 € de más,"En la última renovación se me ha cobrado 99 € por encima de lo que figura en el plan pro. Adjunto el justificante del cargo. Quedo atento, un saludo.",facturacion,media,negativo,43,True
TCK-0313,2026-03-26T05:38,chat,business,4,Petición: modo oscuro,Mucha gente del equipo trabaja de noche y agradeceríamos un modo oscuro en la interfaz. Esto nos está bloqueando la operación y tenemos un cierre mañana.,solicitud_funcionalidad,alta,negativo,33,True
TCK-0314,2026-04-12T19:38,telefono,free,52,Se pierden los cambios al recargar,"Edito un informe, guardo, y al recargar la página los cambios han desaparecido. Me ha pasado 3 veces esta semana. Quedo atento, un saludo.",bug_producto,media,negativo,185,True
TCK-0315,2026-03-29T12:49,telefono,business,54,Necesito revocar el acceso de un empleado,Han salido dos personas del equipo y necesito revocar sus accesos hoy mismo por política interna de seguridad.,acceso_cuenta,media,neutro,179,True
TCK-0316,2026-07-04T12:47,email,business,39,Necesito revocar el acceso de un empleado,"Han salido dos personas del equipo y necesito revocar sus accesos hoy mismo por política interna de seguridad. Quedo atento, un saludo.",acceso_cuenta,media,negativo,86,True
TCK-0317,2026-01-15T22:40,chat,free,15,Se pierden los cambios al recargar,"Edito un informe, guardo, y al recargar la página los cambios han desaparecido. Me ha pasado 40 veces esta semana. Sin prisa.",bug_producto,media,neutro,320,True
TCK-0318,2026-08-02T12:45,email,business,13,La exportación a CSV sale vacía,La exportación a CSV descarga un fichero de 0 bytes desde la actualización de enero. Antes funcionaba correctamente. Sin prisa.,bug_producto,alta,neutro,66,True
TCK-0319,2026-06-02T19:00,chat,pro,44,Exportación de todos mis datos personales,"Solicito una exportación completa de los datos personales asociados a pablo@delta-labs.example, en ejercicio del derecho de portabilidad. Quedo atento, un saludo.",datos_privacidad,alta,negativo,16,True
TCK-0320,2026-08-01T12:04,email,free,48,La API devuelve 401 con una clave válida,La API nos devuelve 401 con una clave que generamos ayer y que sigue apareciendo como activa en el panel.,integraciones,baja,neutro,2098,True
TCK-0321,2026-01-18T10:40,formulario,free,18,No me llega la factura de noviembre,"Hola, no he recibido la factura de noviembre y contabilidad me la está pidiendo para cerrar el trimestre. Mi cuenta es nuria@nimbus.example.",facturacion,media,neutro,339,False
TCK-0322,2026-03-03T20:24,email,free,28,No puedo entrar en mi cuenta,Desde ayer no consigo iniciar sesión con luis@delta-labs.example. Me dice credenciales incorrectas y el enlace de recuperación no llega ni a la bandeja de spam. Sin prisa.,acceso_cuenta,baja,neutro,2684,True
TCK-0323,2026-04-01T19:02,chat,free,48,Duda sobre la documentación,En la documentación no queda claro cómo se cuentan los usuarios activos. ¿Me lo podéis aclarar?,otros,baja,neutro,1928,True
TCK-0324,2026-06-25T09:26,telefono,enterprise,57,Perdí acceso al correo de recuperación,El correo de recuperación de mi cuenta es una dirección antigua a la que ya no tengo acceso. ¿Cómo puedo recuperar la cuenta pablo@orbita.example? Gracias de antemano.,acceso_cuenta,alta,neutro,17,True
TCK-0325,2026-03-02T16:40,email,pro,8,Se pierden los cambios al recargar,"Edito un informe, guardo, y al recargar la página los cambios han desaparecido. Me ha pasado 5 veces esta semana. Sin prisa.",bug_producto,media,neutro,172,True
TCK-0326,2026-06-28T19:35,chat,free,29,¿Dónde se almacenan nuestros datos?,Nuestro departamento legal pregunta en qué región se almacenan los datos y si en algún momento salen del Espacio Económico Europeo.,datos_privacidad,baja,neutro,631,True
TCK-0327,2026-03-22T01:38,chat,free,56,¿Dónde se almacenan nuestros datos?,Nuestro departamento legal pregunta en qué región se almacenan los datos y si en algún momento salen del Espacio Económico Europeo.,datos_privacidad,media,neutro,54,True
TCK-0328,2026-05-14T08:38,email,business,32,Usuario bloqueado tras varios intentos,Mi usuario se ha bloqueado tras varios intentos fallidos de inicio de sesión. ¿Podéis desbloquear nuria@delta-labs.example?,acceso_cuenta,alta,negativo,39,False
TCK-0329,2026-01-31T15:46,email,pro,6,La app móvil se cierra al abrir un proyecto,La aplicación móvil se cierra sola al abrir cualquier proyecto. La he reinstalado y sigue igual.,bug_producto,alta,negativo,28,True
TCK-0330,2026-02-20T15:39,chat,pro,22,Las consultas tardan más de un minuto,"Las consultas que antes iban en segundos ahora superan el minuto de forma sistemática, sobre todo sobre rangos de fechas amplios. Quedo atento, un saludo.",rendimiento,alta,negativo,79,True
TCK-0331,2026-05-30T17:51,chat,business,20,La exportación a CSV sale vacía,La exportación a CSV descarga un fichero de 0 bytes desde la actualización de octubre. Antes funcionaba correctamente.,bug_producto,baja,neutro,938,True
TCK-0332,2026-03-12T21:22,chat,free,45,Se pierden los cambios al recargar,"Edito un informe, guardo, y al recargar la página los cambios han desaparecido. Me ha pasado 8 veces esta semana. Tenemos una auditoría en curso y esto es crítico.",bug_producto,alta,negativo,23,True
TCK-0333,2026-03-05T15:44,formulario,pro,18,La exportación a CSV sale vacía,La exportación a CSV descarga un fichero de 0 bytes desde la actualización de diciembre. Antes funcionaba correctamente. Sin prisa.,bug_producto,media,neutro,458,True
TCK-0334,2026-02-09T04:58,telefono,pro,48,El doble factor no me envía el código,El SMS del segundo factor no llega desde hace 12 horas. Tengo una demo con un cliente y no puedo entrar en la plataforma. Esto nos está bloqueando la operación y tenemos un cierre mañana.,acceso_cuenta,critica,negativo,3,True
TCK-0335,2026-04-13T09:35,telefono,free,49,¿Tenéis descuento para ONG?,"Somos una entidad sin ánimo de lucro, ¿tenéis algún tipo de descuento sobre el plan free?",otros,baja,negativo,692,True
TCK-0336,2026-03-06T19:03,chat,pro,34,Cobro duplicado en la factura de febrero,"Buenas, revisando el extracto veo dos cargos de 249 € el mismo día de febrero. Solo tengo una suscripción pro. ¿Podéis devolver el duplicado? Quedo atento, un saludo.",facturacion,media,neutro,204,True
TCK-0337,2026-07-14T05:06,chat,pro,29,Sincronización con Google Sheets parada,La sincronización con Google Sheets lleva 5 horas sin actualizar. La hoja destino sigue con los datos de antes.,integraciones,alta,negativo,52,True
TCK-0338,2026-02-18T21:21,email,enterprise,42,Quiero cambiar la forma de pago,"Quiero pasar de pago con tarjeta a domiciliación bancaria antes de la próxima renovación. ¿Qué necesitáis de mi parte? Quedo atento, un saludo.",facturacion,media,neutro,250,False
TCK-0339,2026-07-13T07:26,email,business,1,La app móvil se cierra al abrir un proyecto,La aplicación móvil se cierra sola al abrir cualquier proyecto. La he reinstalado y sigue igual.,bug_producto,media,neutro,420,True
TCK-0340,2026-02-02T20:54,email,free,39,Cobro duplicado en la factura de septiembre,"Buenas, revisando el extracto veo dos cargos de 99 € el mismo día de septiembre. Solo tengo una suscripción free. ¿Podéis devolver el duplicado?",facturacion,baja,positivo,758,True
TCK-0341,2026-02-10T17:37,chat,business,11,Posible acceso no autorizado a nuestra cuenta,Hemos detectado accesos desde una IP que no reconocemos. Necesitamos el registro de auditoría de las últimas 12 horas. Sin prisa.,datos_privacidad,baja,negativo,76,False
TCK-0342,2026-04-09T07:28,chat,pro,20,Nos vendría bien una API de borrado masivo,Para cumplir con nuestra política de retención de datos necesitaríamos una llamada de borrado masivo por API. Sin prisa.,solicitud_funcionalidad,baja,neutro,1651,True
TCK-0343,2026-04-09T09:32,formulario,pro,19,Fallo al conectar con Salesforce,Al conectar Salesforce el asistente se queda en el paso de autorización y acaba en un error genérico sin detalle. Gracias de antemano.,integraciones,media,neutro,474,True
TCK-0344,2026-05-14T15:06,telefono,enterprise,48,La exportación a CSV sale vacía,La exportación a CSV descarga un fichero de 0 bytes desde la actualización de mayo. Antes funcionaba correctamente.,bug_producto,critica,negativo,23,True
TCK-0345,2026-04-03T11:45,telefono,business,26,El webhook deja de disparar eventos,Nuestro webhook a acme.example dejó de recibir eventos hace 5 horas. No hemos cambiado nada del lado nuestro. Sin prisa.,integraciones,media,negativo,306,True
TCK-0346,2026-04-20T02:00,email,business,53,Se pierden los cambios al recargar,"Edito un informe, guardo, y al recargar la página los cambios han desaparecido. Me ha pasado 25 veces esta semana.",bug_producto,critica,neutro,3,True
TCK-0347,2026-03-08T01:11,chat,enterprise,11,Necesito la factura con el CIF de mi empresa,Necesito rehacer la factura de mayo con los datos fiscales correctos: el CIF que aparece no es el nuestro y así no la puedo deducir. Gracias de antemano.,facturacion,alta,neutro,42,True
TCK-0348,2026-03-01T08:44,chat,free,29,La exportación a CSV sale vacía,La exportación a CSV descarga un fichero de 0 bytes desde la actualización de octubre. Antes funcionaba correctamente.,bug_producto,media,neutro,348,True
TCK-0349,2026-05-15T14:30,telefono,pro,8,Las consultas tardan más de un minuto,"Las consultas que antes iban en segundos ahora superan el minuto de forma sistemática, sobre todo sobre rangos de fechas amplios. Es urgente, por favor. Llevamos todo el día parados.",rendimiento,critica,negativo,13,True
TCK-0350,2026-07-30T17:55,telefono,free,48,Consulta general sobre el plan,"Buenas, estamos valorando subir al plan free y quería saber qué incluye exactamente el soporte. Esto nos está bloqueando la operación y tenemos un cierre mañana.",otros,media,negativo,471,True
TCK-0351,2026-02-15T21:35,formulario,pro,9,¿Tenéis descuento para ONG?,"Somos una entidad sin ánimo de lucro, ¿tenéis algún tipo de descuento sobre el plan pro? Sin prisa.",otros,baja,neutro,2709,True
TCK-0352,2026-03-04T05:13,chat,free,47,Perdí acceso al correo de recuperación,El correo de recuperación de mi cuenta es una dirección antigua a la que ya no tengo acceso. ¿Cómo puedo recuperar la cuenta pablo@delta-labs.example? Sin prisa.,acceso_cuenta,baja,neutro,933,True
TCK-0353,2026-07-28T12:01,email,free,26,El webhook deja de disparar eventos,Nuestro webhook a nimbus.example dejó de recibir eventos hace 48 horas. No hemos cambiado nada del lado nuestro. Gracias de antemano.,integraciones,baja,negativo,1723,True
TCK-0354,2026-06-16T08:51,email,free,13,El doble factor no me envía el código,"El SMS del segundo factor no llega desde hace 3 horas. Tengo una demo con un cliente y no puedo entrar en la plataforma. Es urgente, por favor. Llevamos todo el día parados.",acceso_cuenta,alta,neutro,30,True
TCK-0355,2026-02-25T18:32,chat,free,45,¿Podéis añadir exportación a PDF?,"No es urgente, pero nos ahorraría mucho tiempo poder exportar los informes directamente a PDF sin pasar por el navegador.",solicitud_funcionalidad,baja,positivo,768,True
TCK-0356,2026-01-23T18:35,formulario,enterprise,40,El webhook deja de disparar eventos,Nuestro webhook a acme.example dejó de recibir eventos hace 12 horas. No hemos cambiado nada del lado nuestro. Sin prisa.,integraciones,alta,neutro,22,True
TCK-0357,2026-02-17T20:57,chat,free,41,Error 500 al guardar un informe,"Al pulsar Guardar en un informe me devuelve un error 500. Pasa siempre, en Chrome y en Firefox. El identificador de la petición es req_521149140.",bug_producto,baja,negativo,430,True
TCK-0358,2026-03-16T03:42,chat,free,59,La app móvil se cierra al abrir un proyecto,"La aplicación móvil se cierra sola al abrir cualquier proyecto. La he reinstalado y sigue igual. Quedo atento, un saludo.",bug_producto,media,neutro,146,True
TCK-0359,2026-07-05T15:23,chat,pro,9,Sugerencia: alertas por Slack,Sería genial recibir las alertas en Slack además de por correo. ¿Está en la hoja de ruta?,solicitud_funcionalidad,baja,neutro,2299,True
TCK-0360,2026-02-16T01:34,chat,free,7,La app móvil se cierra al abrir un proyecto,La aplicación móvil se cierra sola al abrir cualquier proyecto. La he reinstalado y sigue igual. Gracias de antemano.,bug_producto,media,neutro,328,True
TCK-0361,2026-07-07T11:56,email,free,48,Cobro duplicado en la factura de abril,"Buenas, revisando el extracto veo dos cargos de 249 € el mismo día de abril. Solo tengo una suscripción free. ¿Podéis devolver el duplicado? Gracias de antemano.",facturacion,baja,neutro,1779,True
TCK-0362,2026-01-09T11:53,email,free,4,Error 500 al guardar un informe,"Al pulsar Guardar en un informe me devuelve un error 500. Pasa siempre, en Chrome y en Firefox. El identificador de la petición es req_201172050.",bug_producto,baja,neutro,1639,True
TCK-0363,2026-01-28T00:11,telefono,free,1,Error 500 al guardar un informe,"Al pulsar Guardar en un informe me devuelve un error 500. Pasa siempre, en Chrome y en Firefox. El identificador de la petición es req_590963175. Sin prisa.",bug_producto,media,neutro,348,True
TCK-0364,2026-04-20T21:52,email,pro,51,Perdí acceso al correo de recuperación,El correo de recuperación de mi cuenta es una dirección antigua a la que ya no tengo acceso. ¿Cómo puedo recuperar la cuenta javier@acme.example? Sin prisa.,acceso_cuenta,media,positivo,406,False
TCK-0365,2026-03-02T07:14,formulario,pro,29,Necesito la factura con el CIF de mi empresa,Necesito rehacer la factura de marzo con los datos fiscales correctos: el CIF que aparece no es el nuestro y así no la puedo deducir.,facturacion,media,neutro,230,True
TCK-0366,2026-04-22T05:02,chat,pro,11,Los informes grandes no terminan nunca,"Los informes grandes ya no terminan: se quedan cargando indefinidamente y hay que cancelarlos a mano. Quedo atento, un saludo.",rendimiento,critica,negativo,13,True
TCK-0367,2026-05-17T21:56,email,pro,37,Se pierden los cambios al recargar,"Edito un informe, guardo, y al recargar la página los cambios han desaparecido. Me ha pasado 40 veces esta semana.",bug_producto,alta,negativo,72,False
TCK-0368,2026-02-27T09:13,email,free,35,La app móvil se cierra al abrir un proyecto,La aplicación móvil se cierra sola al abrir cualquier proyecto. La he reinstalado y sigue igual.,bug_producto,alta,negativo,40,True
TCK-0369,2026-05-17T01:53,email,pro,59,Solicitud de borrado de datos (RGPD),"Ejerciendo el derecho de supresión del RGPD, solicito el borrado de todos los datos asociados a sofia@acme.example. Quedo atento, un saludo.",datos_privacidad,media,negativo,441,True
TCK-0370,2026-07-31T07:49,formulario,free,58,La exportación a CSV sale vacía,La exportación a CSV descarga un fichero de 0 bytes desde la actualización de marzo. Antes funcionaba correctamente. Gracias de antemano.,bug_producto,alta,negativo,28,True
TCK-0371,2026-07-12T18:09,chat,enterprise,24,Quiero cambiar la forma de pago,Quiero pasar de pago con tarjeta a domiciliación bancaria antes de la próxima renovación. ¿Qué necesitáis de mi parte?,facturacion,alta,negativo,88,True
TCK-0372,2026-05-05T05:20,email,pro,23,La exportación a CSV sale vacía,La exportación a CSV descarga un fichero de 0 bytes desde la actualización de noviembre. Antes funcionaba correctamente. Sin prisa.,bug_producto,media,neutro,160,True
TCK-0373,2026-04-15T17:50,chat,free,49,Cobro duplicado en la factura de marzo,"Buenas, revisando el extracto veo dos cargos de 249 € el mismo día de marzo. Solo tengo una suscripción free. ¿Podéis devolver el duplicado? Sin prisa.",facturacion,baja,negativo,1146,True
TCK-0374,2026-04-09T10:20,email,business,48,La exportación a CSV sale vacía,"La exportación a CSV descarga un fichero de 0 bytes desde la actualización de abril. Antes funcionaba correctamente. Es urgente, por favor. Llevamos todo el día parados.",bug_producto,critica,negativo,8,True
TCK-0375,2026-07-11T02:21,email,business,55,Necesito revocar el acceso de un empleado,Han salido dos personas del equipo y necesito revocar sus accesos hoy mismo por política interna de seguridad.,acceso_cuenta,critica,neutro,5,True
TCK-0376,2026-07-15T01:03,telefono,business,42,La API devuelve 401 con una clave válida,La API nos devuelve 401 con una clave que generamos ayer y que sigue apareciendo como activa en el panel. Si no se resuelve hoy tendremos que valorar cancelar el contrato.,integraciones,critica,negativo,6,True
TCK-0377,2026-01-18T05:08,formulario,free,34,Se pierden los cambios al recargar,"Edito un informe, guardo, y al recargar la página los cambios han desaparecido. Me ha pasado 40 veces esta semana.",bug_producto,media,neutro,199,True
TCK-0378,2026-06-28T10:42,email,pro,45,Necesito la factura con el CIF de mi empresa,Necesito rehacer la factura de octubre con los datos fiscales correctos: el CIF que aparece no es el nuestro y así no la puedo deducir. Esto nos está bloqueando la operación y tenemos un cierre mañana.,facturacion,media,negativo,335,True
TCK-0379,2026-05-19T08:43,chat,free,38,La app móvil se cierra al abrir un proyecto,La aplicación móvil se cierra sola al abrir cualquier proyecto. La he reinstalado y sigue igual. Esto nos está bloqueando la operación y tenemos un cierre mañana.,bug_producto,alta,neutro,27,True
TCK-0380,2026-02-28T13:16,chat,pro,2,La plataforma va extremadamente lenta,Desde hace 48 horas cualquier consulta tarda más de un minuto. Antes eran segundos. Somos 40 personas trabajando y está parado todo el equipo.,rendimiento,media,negativo,322,True
TCK-0381,2026-02-20T23:59,formulario,free,44,Necesitamos firmar un DPA,"Necesitamos firmar un acuerdo de tratamiento de datos antes de renovar el contrato del plan free. ¿A quién se lo pedimos? Quedo atento, un saludo.",datos_privacidad,media,neutro,116,True
TCK-0382,2026-07-24T00:19,formulario,business,50,Nos vendría bien una API de borrado masivo,Para cumplir con nuestra política de retención de datos necesitaríamos una llamada de borrado masivo por API. Sin prisa.,solicitud_funcionalidad,media,neutro,115,True
TCK-0383,2026-02-16T00:51,email,pro,35,Duda sobre la documentación,En la documentación no queda claro cómo se cuentan los usuarios activos. ¿Me lo podéis aclarar?,otros,media,neutro,112,True
TCK-0384,2026-03-04T07:38,email,business,39,¿Podéis añadir exportación a PDF?,"No es urgente, pero nos ahorraría mucho tiempo poder exportar los informes directamente a PDF sin pasar por el navegador. Sin prisa.",solicitud_funcionalidad,baja,neutro,2725,True
TCK-0385,2026-05-15T22:09,email,business,58,Fallo al conectar con Salesforce,Al conectar Salesforce el asistente se queda en el paso de autorización y acaba en un error genérico sin detalle. Gracias de antemano.,integraciones,critica,neutro,24,True
TCK-0386,2026-07-27T07:27,email,free,24,La app móvil se cierra al abrir un proyecto,La aplicación móvil se cierra sola al abrir cualquier proyecto. La he reinstalado y sigue igual. Gracias de antemano.,bug_producto,media,negativo,390,True
TCK-0387,2026-01-11T02:39,email,business,29,¿Tenéis descuento para ONG?,"Somos una entidad sin ánimo de lucro, ¿tenéis algún tipo de descuento sobre el plan business? Quedo atento, un saludo.",otros,baja,positivo,538,True
TCK-0388,2026-03-15T11:22,chat,free,22,Rate limit inesperado en la API,"Estamos recibiendo 429 con muy pocas peticiones por minuto, muy por debajo del límite que anuncia nuestro plan free.",integraciones,baja,positivo,1348,True
TCK-0389,2026-07-25T08:10,chat,business,40,Sugerencia: alertas por Slack,Sería genial recibir las alertas en Slack además de por correo. ¿Está en la hoja de ruta? Sin prisa.,solicitud_funcionalidad,baja,positivo,494,True
TCK-0390,2026-07-19T15:44,email,free,48,Se pierden los cambios al recargar,"Edito un informe, guardo, y al recargar la página los cambios han desaparecido. Me ha pasado 25 veces esta semana.",bug_producto,media,neutro,262,True
TCK-0391,2026-08-01T01:51,chat,business,1,Cobro duplicado en la factura de septiembre,"Buenas, revisando el extracto veo dos cargos de 99 € el mismo día de septiembre. Solo tengo una suscripción business. ¿Podéis devolver el duplicado?",facturacion,alta,neutro,63,True
TCK-0392,2026-04-07T00:07,chat,pro,32,Falta filtrar por etiquetas,Echamos de menos poder filtrar el listado por etiquetas; ahora hay que buscar a mano entre cientos de elementos.,solicitud_funcionalidad,baja,positivo,1890,True
TCK-0393,2026-01-31T12:22,email,free,46,Timeouts constantes en el panel,El panel tarda muchísimo en cargar y a menudo acaba en timeout. Ocurre sobre todo a primera hora de la mañana.,rendimiento,media,neutro,120,True
TCK-0394,2026-03-12T13:05,email,pro,13,Perdí acceso al correo de recuperación,El correo de recuperación de mi cuenta es una dirección antigua a la que ya no tengo acceso. ¿Cómo puedo recuperar la cuenta luis@orbita.example? Sin prisa.,acceso_cuenta,media,neutro,406,True
TCK-0395,2026-01-12T06:59,email,pro,54,Necesito revocar el acceso de un empleado,Han salido dos personas del equipo y necesito revocar sus accesos hoy mismo por política interna de seguridad. Si no se resuelve hoy tendremos que valorar cancelar el contrato.,acceso_cuenta,critica,negativo,14,True
TCK-0396,2026-06-20T21:33,telefono,business,6,El webhook deja de disparar eventos,Nuestro webhook a orbita.example dejó de recibir eventos hace 48 horas. No hemos cambiado nada del lado nuestro.,integraciones,critica,negativo,24,True
TCK-0397,2026-04-30T14:19,formulario,free,30,¿Dónde se almacenan nuestros datos?,Nuestro departamento legal pregunta en qué región se almacenan los datos y si en algún momento salen del Espacio Económico Europeo.,datos_privacidad,media,negativo,474,True
TCK-0398,2026-04-10T10:29,email,enterprise,39,Necesito revocar el acceso de un empleado,Han salido dos personas del equipo y necesito revocar sus accesos hoy mismo por política interna de seguridad. Sin prisa.,acceso_cuenta,critica,negativo,16,False
TCK-0399,2026-07-23T13:01,chat,pro,40,La API devuelve 401 con una clave válida,La API nos devuelve 401 con una clave que generamos ayer y que sigue apareciendo como activa en el panel.,integraciones,baja,negativo,2557,False
TCK-0400,2026-03-10T08:50,email,business,26,Sugerencia: alertas por Slack,Sería genial recibir las alertas en Slack además de por correo. ¿Está en la hoja de ruta?,solicitud_funcionalidad,baja,positivo,1765,True
